PROMOVAT,Product Name,Price (lei),Negociabil,Used,Location
1,Placa video Palit GeForce® RTX3070 GameRock,1600,1,1,"Bucuresti, Sectorul 5"
1,Placa video Palit GTX 1660 Ti StormX 6GB DDR,6700,1,1,Vaslui
1,Placa video PowerColor Radeon RX 6900 XT 16GB GDDR6 256-bit,2000,0,1,"Bucuresti, Sectorul 2"
0,Nvidia GTX 1060 3GB,325,0,1,"Bucuresti, Sectorul 5"
0,"Placa video Sapphire NITRO+  RX 580 8GB GDDR5 256-bit, ATI  Radeon",350,1,1,Ramnicu Valcea
0,MSI GeForce RTX 3060 Ti GAMING Z TRIO LHR 8GB GDDR6 256-bit,2100,1,1,Barateaz
0,Salvează căutareaTe anunțăm oricând apar anunțuri noi.SalveazăPlaca video ASUS GT 710 4H 2GB GDDR5 64-bit.,140,0,1,"Bucuresti, Sectorul 4"
0,Vand placa video Radeon R737,300,0,1,Timisoara
0,Asus gtx 970 4gb placa video gaming,300,0,1,Iasi
0,"Placa video 3060 MSI Gaming X Trio 12Gb ddr6, 192 biti",1290,0,1,"Bucuresti, Sectorul 6"
0,"Placa video, Powercolor, AMD RADEON HELLHOUND RX 7900 GRE, 16 GB",2500,0,0,Iasi
0,nVidia RTX 2060 Gaming Z,900,1,0,Brasov
0,3x6 Radeon RX5700xt Triple + Mini Rig 330Mhs1,9906,1,1,"Ilfov, Voluntari"
1,nVidia RTX A2000 6GB - placa video profesionala noua SFF low profile,1100,0,0,Corbeanca
1,"Placa Video Gigabyte 4070 super  windforce, oc edition, sigilata",3000,0,0,Constanta
1,Placa video nVidia Quadro K200,160,0,1,Timisoara
0,Nvidia QUADRO K5200 sau schimb cu 1080ti,900,1,1,Maneciu
0,Nvidia GTX 1660Ti Aorus 6Gb,650,0,1,Focsani
0,Placa Video GTX 1080-8Gb,1500,1,1,"Bucuresti, Sectorul 6"
0,Placa video Gigabyte GeForce RTX 3080 Ti Gaming OC N308TGAMING OC-12G,2800,0,1,"Bucuresti, Sectorul 3"
0,Placa video liquid,2900,0,0,Deva
0,Placă video Gigabyte 9600 GT,60,0,1,"Bucuresti, Sectorul 6"
0,Asus Vid Card GTX950 2GB 128bit GDDR,5450,0,1,"Bucuresti, Sectorul 6"
0,Placa video Asus,300,1,1,Timisoara
0,Gigabyte Radeon RX 6600 XT Gaming OC 8 GB,1650,0,0,Tecuci
0,Laptop Gaming MSI Garantie RTX 4050 Ca NOU 144Hz 16GB 512GB SSD,2999,0,0,"Bucuresti, Sectorul 6"
1,Placa Video nVidia Quadro NVS 510 2GB DDR3 128 bit HDMI,100,0,1,"Bucuresti, Sectorul 3"
1,Vând 4080 Super Rog Strix OC,6900,1,0,Slanic
1,HP nVidia Quadro 2000 PROFESIONALA 1 GB DDR5/128bit PCI-E x,1675,0,1,Bistrita
0,"Placa video GeForce 210, 1GB DDR3 64-Bit, DVI, HDMI,VGA",150,1,1,Huedin
0,"Lot 7 placi video defecte RX580, GTX1060, 970, Quaddro",400,0,1,Iasi
0,Placa video GIGABYTE rtx 4060 16gb,2300,0,0,Baia Mare
0,"Placa video Sapphire AMD Radeon RX 5600 XT, 6GB, GDDR6",1000,1,1,"Bucuresti, Sectorul 2"
0,Placă video Gtx 730 4gb DDR3 128-bit V,2375,1,1,Craiova
0,Asus ROG Strix GeForce RTX 4070 Ti 12GB GDDR6X,4190,0,1,Cluj
0,"Placa video Asus ROG STRIX RX VEGA 56 GAMING, 8 GB, 2048-bit",650,1,1,Motru
0,Placa video rx 570 xfx 8gb,250,0,1,Ploiesti
1,Asus ROG Strix GeForce RTX 4070 Ti 12GB GDDR6X,4190,0,1,Cluj
1,Placa video Sapphire Radeon RX 7700 XT Pulse,1899,0,1,Targu Neamt
1,Asus Dual Oc RTX 3060 Ti Factura Garantie (pcgarage) proba video,1500,0,1,Vaslui
0,"Placa video ASUS GeForce GTX 1050 Ti 4Gb+ HyperX Fury 4GB, DDR4,",430,0,1,"Bucuresti, Sectorul 6"
0,"Placa video Gainward GeForce RTX 2060 Ghost, 6GB GDDR6, 192 biti",1500,1,1,Bacau
0,Placa video amd radeon,350,0,1,Petrila
0,Placa video RadeonRX 6700XT Hellhound 12GB GDDR6-192Bit Sigilata(noua),1899,0,0,Ramnicu Valcea
0,Placa video GeForce GT 240 1gb 128 bit PCI-E,140,0,1,"Bucuresti, Sectorul 3"
0,Placa Video/GPU Sapphire NITRO Radeon R9 FURY 4GB HBM,400,0,1,Cluj
0,"Vand Placa Video RX480, 4gb",250,0,1,Cluj
0,Placa video AMD Radeon HD5570 pcie 1GB Ddr3 hdmi,50,0,1,"Bucuresti, Sectorul 3"
0,Placa video asus,300,0,1,Cornesti
0,Placa video gigabyte,100,0,1,Brad
1,Placa video ASUS ROG Strix GeForce RTX 3070 TI OC Edition aproape nou,1750,0,1,Targu Jiu
1,Vand Placa video ASUS RX570 4Gb EXPEDITION,250,0,1,Cluj
1,XFX AMD Radeon™ RX 580 GTS XXX Edition 8GB,745,0,0,"Bucuresti, Sectorul 3"
0,Placa video ( se pot repara ),2500,0,1,"Bucuresti, Sectorul 6"
0,placa video as rock radeon 6500xt,500,0,1,"Bucuresti, Sectorul 5"
0,Placa video FX5200 AGP8X 128MB,323,1,1,Mihaiesti
0,Salvează căutareaTe anunțăm oricând apar anunțuri noi.SalveazăVând Placa video GeForce GTX 750 4 Gb DDR,4200,1,1,Sibiu
0,"Placa video MSI Radeon RX 5500 XT MECH OC, 8GB GDDR6, 128-bit",800,1,1,Calugari
0,Placa video Dell UJ973 ATI Radeon X1300 PRO 256MB DDR2 PCIe x,1650,0,1,"Bucuresti, Sectorul 2"
0,Placa video Radeon 7900 XTX 24GB GDDR6 Sigilata,3300,0,0,"Bucuresti, Sectorul 6"
0,Placa video MSI GeForce GTX 560 SE OC 1GB GDDR5  cu transport tot,90,0,1,Carei
0,vand Rtx 3070 8gb,1900,0,1,Novaci
1,Vand materiale pentru containere modulare,250,0,0,Piatra Neamt
1,Placa video  MSI RTX 3080Ti X Trio,3180,1,1,Alexandru cel Bun
1,"AMD ASUS RX 7600 Dual, OC, 8GB, Garanție Emag 3 ani",999,0,0,Cluj
0,Vand placi video rx 580 rx570 rx47,500,0,1,Falticeni
0,Placa Video Gigabyte RTX 4060Ti Eagle 8GB GDDR6 SIGILATA,1900,0,0,Iasi
0,GeForce GTX 1080 Ti Aorus Xtreme Edition 11 GB,950,0,1,"Bucuresti, Sectorul 2"
0,Cutie placa video rtx30,7050,0,1,"Bucuresti, Sectorul 6"
0,"MSI nVidia GeForce RTX 4060 Ti GAMING X 8GB GDDR6 128bit, Nou, Sigilat",1599,0,0,"Bucuresti, Sectorul 3"
0,Sapphire Nitro+  Radeon RX580 8gb,600,1,1,"Bucuresti, Sectorul 4"
0,Nvidia GEFORCE RTX 3060 Ti/8 gb,1400,0,0,Nicolae Balcescu
0,Placa video Gigabyte Vision GeForce rtx 3080 sg 10GB,1800,0,1,"Bucuresti, Sectorul 4"
0,Placa video Sapphire RX 6600 GAMING 8GB GDDR6 ca noua﻿ garantie 3 luni,875,0,1,"Bucuresti, Sectorul 6"
0,"Placa video AMD RX 7900 XTX Sapphire Nitro+, Vapor-x",4700,0,1,Cluj
1,Placa video Gigabyte GeForce RTX 3080 Ti Gaming OC N308TGAMING OC-12G,2800,0,1,"Bucuresti, Sectorul 3"
1,Placa Video Gigabyte RTX 4060Ti Eagle 8GB GDDR6 SIGILATA,1900,0,0,Iasi
0,Placa video PCI express HIS ATI Radeon HD4670 heatpipe Zalman,200,0,1,"Bucuresti, Sectorul 6"
0,"Placa video HP Nvidia Quadro RTX 4000, 8 Gb, 3 DP, USBC",1700,0,0,Sibiu
0,Placă video GPU Nvidia: GeForce3,1045,0,1,Cluj
0,Vand placa video rtx3060ti,1700,1,1,"Bucuresti, Sectorul 4"
0,placa video pc Nvidia Quadro M4000 8GB Hp 818241-001 818867-001 4xDP,650,0,1,"Bucuresti, Sectorul 4"
0,Placa video Asus Rtx 3060 Dual Oc 8GB GDDR6 128-bit,1249,0,0,"Bucuresti, Sectorul 3"
0,Placa Video Gainward GeForce GTX 1050ti,250,1,1,Iasi
0,Placa video MSI Radeon RX 580 Armor OC 8GB DDR5 256-bit,309,0,1,Brasov
0,Gigabyte RTX 3080 AORUS RGB Xtreme Waterforce 10GB GPU placa video,4000,0,1,Iasi
0,NVIDIA GTX-1060 3 GB 3 video : HDMI DVI DisplayPort placa video GAMING,350,0,1,"Bucuresti, Sectorul 2"
1,Placa video Inno3D GeForce RTX 4090 iCHILL X3 24GB GDDR6X,7000,0,1,Timisoara
1,Placa video Sapphire Radeon RX 7700 XT Pulse,1899,0,1,Targu Neamt
1,Placa video PowerColor Radeon RX 6900 XT 16GB GDDR6 256-bit,2000,0,1,"Bucuresti, Sectorul 2"
0,Placa video Asus Rtx 3060 Ti 8GB Gddr6x dual oc 256 biti,1579,0,0,"Bucuresti, Sectorul 2"
0,Placa video Rx58,349,0,1,Turda
0,Sapphire Radeon RX 5500 XT PULSE 4GB GDDR6 128-bit,550,0,1,Cluj
0,Placa video si rami,200,0,1,Pascani
0,Placa video Nvidia Vanta 16mb,40,0,1,Sibiu
0,GTX 970 g1 gaming,400,0,1,Galati
0,CALCULATOR GAMING i5 16 GB RAM 750GB Placa VIDEO 8GB Garantie 12 Luni,1280,0,1,"Bucuresti, Sectorul 3"
0,Placa Video nVidia Quadro NVS 510 2GB DDR3 128 bit HDMI,100,0,1,"Bucuresti, Sectorul 3"
0,Placa Video ASUS ROG STRIX GTX 1070TI 8GB pe 256 biti ca noua,950,0,1,Iasi
0,Placa video 2Gb GDDR,5150,0,1,Pitesti
1,Placa Video nVidia Quadro NVS 510 2GB DDR3 128 bit HDMI,100,0,1,"Bucuresti, Sectorul 3"
1,Placa Video Palit GeForce RTX 3080 10gb,2000,0,1,"Bucuresti, Sectorul 4"
0,Placa video Asus strix 1070ti,600,0,1,"Bucuresti, Sectorul 6"
0,Placa video Palit Geforce GTX107,680,1,1,"Bucuresti, Sectorul 1"
0,Salvează căutareaTe anunțăm oricând apar anunțuri noi.SalveazăPlaca video GIGABYTE GV-R925128DE,90,0,1,Bacau
0,Placa video Sapphire Radeon R7 260X OC 2GB GDDR5 128-bit,200,0,1,Oradea
0,Placa video Palit JetStream Geforce GTX107,700,1,1,"Bucuresti, Sectorul 1"
0,"Placi video gaming Saphire RX 580 8GB ,Nitro Special Edition",400,1,1,Pucioasa
0,Placa video Asus AD-RV610LE ATI Radeon HD2400 Pro 128MB DDR2 PCI-E,30,0,1,"Bucuresti, Sectorul 2"
0,Placa video 1050ti cerberus,450,0,1,Ploiesti
0,"Placa video gaming  RX 5700XT Nitro+ Saphire , OFERTA",900,1,1,Pucioasa
1,Gigabyte GTX 1080 ti Waterforce WB Extreme Edition 11G Aorus,2000,1,0,Runcu
1,Placa video RX 5600XT,600,1,1,Brasov
0,Vand Placa video GTX 1650 OC zotec gaming,500,1,1,Oradea
0,Placa video  MSI RTX 3080Ti X Trio,3180,1,1,Alexandru cel Bun
0,Placa Video GeForce GTX Gigabyte 1080Ti Aorus 11GB 352-bit,1700,0,1,"Bucuresti, Sectorul 6"
0,Editor video Premiere Pro/After Effects,100,1,0,Suceava
0,RTX 3070 Palit Gamerock,2000,0,1,Pitesti
0,Placa NVIDIA Geforce RTX 3090 TURBO 24GB,4000,1,1,"Bucuresti, Sectorul 6"
0,Nvidia rtx 2070 super oc,1100,0,1,Constanta
0,"Placa de captura video, RoHS STD , HDMI la USB 2.0, 1080p 60 FPS",250,0,0,Vaslui
1,Placa Video Gigabyte RTX 4060Ti Eagle 8GB GDDR6 SIGILATA,1900,0,0,Iasi
1,"Placa video Gaming ASUS nvidia GeForce 1050 , 2GB GDDR5 128 Bit GDDR",5250,0,1,"Bucuresti, Sectorul 3"
1,Placa video RX 570 Gaming  NITRO+  8 GB GDDR5 256-bit Garantie 6 Luni,450,0,1,"Bucuresti, Sectorul 3"
0,Placa video ASUS,50,0,1,Calarasi
0,Vand 3 placi video,55,0,1,Craiova
0,Rig mining/rig minat 6x ASUS GTX 1060 6GB,5474,1,1,Deva
0,"Placa video RX 580, XFX, 4 Gb",800,1,1,Cluj
0,Placa video Msi RTX 3090 Suprim,4500,0,1,Pitesti
0,placa video Gtx 1660 Super cu Garantie,1250,0,1,Drobeta
0,Placa video Palit GeForce® RTX3060Ti similar RTX3070,1350,1,1,"Bucuresti, Sectorul 5"
0,"Placa video nVidia Quadro K2000, 2GB GDDR5, 1 x DVI, 2 x DisplayPort",100,0,1,Arad
0,"Placa video Gainward nVidia GeForce 9800 GTX+ 512MB GDDR3, 256bit",60,0,1,Arad
0,Placa video RTX 3080 Vision defecta,500,0,1,"Bucuresti, Sectorul 2"
1,CALCULATOR GAMING i5 16 GB RAM 750GB Placa VIDEO 8GB Garantie 12 Luni,1280,0,1,"Bucuresti, Sectorul 3"
1,"Vand mining rig rx560, rx580 4g,8g saphire",4599,0,1,Alba Iulia
1,Vând 4080 Super Rog Strix OC,6900,1,0,Slanic
0,Placa video Palit GeForce® RTX3070 GameRock,1600,1,1,"Bucuresti, Sectorul 5"
0,Sapphire pulse Radeon RX 550 4gb GDDR,5450,0,0,Rovinari
0,Cablu de alimentare placa video pe molex si sata,25,0,0,Zalau
0,Vand urgent placa video AMD Radeon HD6950 2gb GDDR,5250,0,1,Rovinari
0,"Placa video Gigabyte GeForce RTX 4060 Low Profile OC8GB,GDDR6,sigilat",1600,0,0,"Bucuresti, Sectorul 4"
0,Placa video GeForce RTX™ 4080 16GB GAMING X TRIO,8000,0,1,"Bucuresti, Sectorul 5"
0,"Placa video rx 7900 GRE 16 gb gddr6 NOUA, sigilata",2400,0,0,Sibiu
0,Sapphire Pulse Radeon RX 590 8GB GDDR,5550,1,1,"Bucuresti, Sectorul 4"
0,Recuperare placa video (vbios flash),200,1,0,"Bucuresti, Sectorul 6"
1,Placa video Inno3D GeForce RTX 4090 iCHILL X3 24GB GDDR6X,7000,0,1,Timisoara
1,Placa video Palit GTX 1660 Ti StormX 6GB DDR,6700,1,1,Vaslui
0,nVidia GeForce - Inno3D iChill GTX 650 2 GB GDDR5 128 bit,200,1,1,Oradea
0,Placa video AMD RX 7900 XTX Merc 310 24Gb,3700,0,0,Ploiesti
0,"Placa video Asus nVidia GeForce 9800GTX 512MB GDDR3, 256bit, PCI-E",150,0,1,"Bucuresti, Sectorul 2"
0,Salvează căutareaTe anunțăm oricând apar anunțuri noi.SalveazăRTX 3070 XC3 Ultra Black Gaming EVGA 8GB GDDR6 256-bit,1599,0,1,"Bucuresti, Sectorul 6"
0,Placa video geoforce gtx 1650 dual,630,1,1,Codlea
0,Vand MSI GTX 970 4GD5T,200,0,1,Sanislau
0,Placa video nVidia Quadro K200,160,0,1,Timisoara
0,Sistem PC Gaming RTX 3060 Ti 16GB RAM i7 9700K RGB 2.25 TB SSD Liquid,3400,0,0,"Bucuresti, Sectorul 6"
0,Placa video HD 5750 1 GB GDDR,5100,0,1,Iasi
0,placa video nvidia GT520 de 1Gb Zotac,40,0,1,Cluj
1,Placa video Sapphire Radeon RX 7700 XT Pulse,1899,0,1,Targu Neamt
1,Vând 4080 Super Rog Strix OC,6900,1,0,Slanic
1,"Vand mining rig rx560, rx580 4g,8g saphire",4599,0,1,Alba Iulia
0,Placa video Nvidia Quadro K2200 4GB DDR5 - proiectare CAD,300,0,1,Bistrita
0,Asus ROG STRIX RTX Gaming 2080ti 11GB OC,1900,0,1,Cluj
0,Sapphire Radeon RX 5700 XT NITRO+ 8GB GDDR6 256-bit model premium,800,0,1,Satu Mare
0,Msi nvidia gtx 650 1gb,100,0,1,Inotesti
0,Placa video MSI GAMING X SLIM GeForce RTX® 4070 12GB GDDR6X este nou,2700,0,0,Constanta
0,Placa video Sapphire Radeon RX 5500 XT NITRO+ 8GB GDDR6 128-bit.,600,0,1,"Bucuresti, Sectorul 4"
0,"Placa video ZOTAC GAMING GTX 1660 SUPER Twin Fan , 6 gb , ca noua",650,0,1,"Bucuresti, Sectorul 6"
0,Razer CoreX eGPU cu XFX Radeon RX580 8GB Ram DDR5,3000,1,1,Targu
0,Placa video Rx6650xt 8gb,1300,1,0,Botosani
0,"Placa video Sapphire PULSE RADEON RX 5500 XT, 8GB, GDDR6, 128-bit",600,1,1,"Bucuresti, Sectorul 3"
1,nVidia RTX A2000 6GB - placa video profesionala noua SFF low profile,1100,0,0,Corbeanca
1,Vand Placa video ASUS RX570 4Gb EXPEDITION,250,0,1,Cluj
1,Placa video RX 5600XT,600,1,1,Brasov
0,"Placa video Sapphire AMD Radeon RX 6800 PULSE 16GB, garantie vexio.",1500,1,1,Pitesti
0,Placa Video AMD Radeon RX46,300,0,1,Palazu Mare
0,Placa Video GTX 970 Windforce,250,0,1,Timisoara
0,Placa video ASUS ROG Strix GeForce RTX 3070 TI OC Edition aproape nou,1750,0,1,Targu Jiu
0,"Placa Video RX 6900XT , SAPHIRE nitro plus SE , garantie emag",2300,0,0,Iasi
0,Placa video msi radeon R7 240 2gb,125,0,1,"Bucuresti, Sectorul 6"
0,Sapphire Radeon R7 240 2 gb ddr,3100,0,1,"Bucuresti, Sectorul 1"
0,Placa video PowerColor Radeon RX 6900 XT 16GB GDDR6 256-bit,2000,0,1,"Bucuresti, Sectorul 2"
0,"Placa video MSI NVIDIA GeForce FX 5500,1200MB,64biti,AGP,TV-out,dvi",80,0,1,Pitesti
1,GIGABYTE AORUS GeForce RTX 3060 Ti Elite lhr 8GB gddr6 256-bit,1399,0,1,Pitesti
1,CALCULATOR GAMING i5 16 GB RAM 750GB Placa VIDEO 8GB Garantie 12 Luni,1280,0,1,"Bucuresti, Sectorul 3"
1,Gigabyte GeForce GTX 1060 WINDFORCE OC 6GB,380,1,1,Alexandru cel Bun
0,Placa video RX 7900 XT PowerColor Hellhound 20GB GDDR6 noua,2850,1,0,"Bucuresti, Sectorul 5"
0,Vand Amd Rx 6800 16 Gb Vram PowerColor Fighter,1600,0,1,"Bucuresti, Sectorul 5"
0,Asus Tuf OC GTX165,600,1,1,Constanta
0,AMD RX 7800 XT - Ocazie,1900,1,0,"Bucuresti, Sectorul 5"
0,Nvidia geforce RTX 4080 Super cu garantie,5500,0,1,Turia
0,Placi video DDR3 / update lista,50,0,1,"Bucuresti, Sectorul 2"
0,Vand Rtx 3080 ti,3600,1,1,Pietris
0,Placa video gt730 4gb ddr,3300,1,1,Bacau
0,"Placa video ASUS GeForce® GTX 1080 Ti Turbo, 11GB GDDR5X, 352-bit",1500,0,1,"Bucuresti, Sectorul 3"
0,Placa video asus  r7240-2gd3-l,200,1,1,Bacau
1,Vand Placa video ASUS RX570 4Gb EXPEDITION,250,0,1,Cluj
1,Placa video ASUS ROG Strix GeForce RTX 3070 TI OC Edition aproape nou,1750,0,1,Targu Jiu
1,RTX 3060 12GB de la Asus noua sigilata,1350,1,0,Suceava
0,GTX 970 Gaming,4300,0,1,Borcea
0,"Vand placa video ASUS TUF Gaming GeForce GTX 1650, 4GB GDDR6, 128-bit",450,0,1,Craiova
0,Vand placa video evga gtx106,350,1,1,Oradea
0,Salvează căutareaTe anunțăm oricând apar anunțuri noi.SalveazăPlaca video XFX RX 570 8Gb 256 biti,350,0,1,Patarlagele
0,"Kit i3 6100+ placa de baza HP G2, socket115",1170,0,1,Targu
0,Placa video GIGABYTE GeForce 8500 GT 512MB GDDR2 128-bit,50,0,1,Pitesti
0,Placa video Nvidia 9600 GT,100,0,1,Ploiesti
0,MSI RTX 2060 12GB 192BIT,1200,0,1,Craiova
0,"Placă video ASUS, ieșită din garanție.",100,0,1,Vetis
0,Placa Video GTX 960 Asus Strix 4GB,230,0,1,Sighetu Marmatiei
1,GIGABYTE AORUS GeForce RTX 3060 Ti Elite lhr 8GB gddr6 256-bit,1399,0,1,Pitesti
1,Placa video RTX 4070 OC  12GB  Garantie,2299,0,1,"Bucuresti, Sectorul 4"
1,Placa video Sapphire Radeon RX 7700 XT Pulse,1899,0,1,Targu Neamt
0,GTX 1660 ti Aorus,800,0,1,Bistrita
0,Placa video Nvidia GTX66,400,1,1,Arad
0,Placa video Zotac gaming RTX 3080 Amp Holo 10 Gb,2999,0,1,"Bucuresti, Sectorul 4"
0,Placa video gtx 1070 Zotac Amp! Edition,900,0,1,Medgidia
0,Placa video GTX165,600,1,1,Arad
0,Placa video gigabyte,450,1,1,Pitesti
0,"AMD ASUS RX 7600 Dual, OC, 8GB, Garanție Emag 3 ani",999,0,0,Cluj
0,"Placa video agp,retro,vintage,colecție MSI NX6200AX-TD51",2120,0,1,Timisoara
0,Placa video RX 6500 XT msi mech 2x OC 4gb vram,499,0,1,Baia Mare
1,"AMD ASUS RX 7600 Dual, OC, 8GB, Garanție Emag 3 ani",999,0,0,Cluj
1,Placa video PowerColor Radeon RX 6900 XT 16GB GDDR6 256-bit,2000,0,1,"Bucuresti, Sectorul 2"
1,Placa Video Nvidia / AMD 1GB 64Bit DVI HDMI Multi View,60,0,1,"Bucuresti, Sectorul 3"
0,"Rtx 1650 4GB, GDDR",6450,0,1,Peciu Nou
0,Placa video GT 1030 2gb,200,0,1,Lazu
0,Placa video Gainwaed Nvidia,350,1,1,Cornu de Jos
0,Placa video defecta - AMD Sapphire HD79,7070,0,1,Iasi
0,placă video NVIDIA NVS 315 1GB DDR,350,0,1,Brasov
0,Vînd placă video,150,0,1,Tecuci
0,Vand placa video nvidia gtx 650 ti 1gb ddr,5150,0,1,Botosani
0,"Placa video MSI GeForce RTX 2070 GAMING Z, 8GB, 256-bit",1400,0,1,"Ilfov, Voluntari"
0,Placa video AMD Sapphire Nitro + 4GB,400,0,1,Popesti
0,GTX 1080 EVGA Classified 8GB,1000,0,1,"Bucuresti, Sectorul 4"
1,"Placa Video Gigabyte 4070 super  windforce, oc edition, sigilata",3000,0,0,Constanta
1,Placa video Sapphire Nitro+ Radeon RX 570 8GB GDDR5 Garantie 6 Luni,450,0,1,"Bucuresti, Sectorul 3"
1,Placa video RX 7900 XT PowerColor Hellhound 20GB GDDR6 noua,2850,1,0,"Bucuresti, Sectorul 5"
0,Placa video Geforce RTX 4070 12gb Noua/Fact+Garantie,2600,0,0,Oradea
0,Placa video RX 570 Gaming  NITRO+  8 GB GDDR5 256-bit Garantie 6 Luni,450,0,1,"Bucuresti, Sectorul 3"
0,"Placa video GIGABYTE GTX 1080 ti, 11 GB DDRX5",1100,1,1,Rosu
0,Placa video Sapphire Pulse Radeon RX 5700 XT 8GB GDDR6 256-bit,750,1,1,"Bucuresti, Sectorul 6"
0,"Vand Nvidia NVS 510 2gb/128b - 4 miniDP, placa video profesionala",150,0,1,Giurgiu
0,Placa Video MSI GeForce GT73,300,0,1,Buzau
0,placa video asus gtx 1660 dual evo,600,1,1,Santu
0,Placa video Gigabyte R7 260x OC 2GB GDDR5 128-bit 199Ron,199,0,1,"Bucuresti, Sectorul 3"
0,Placa video 1650 4gb,300,1,1,Dej
1,Placa video nVidia Quadro K200,160,0,1,Timisoara
1,RTX 3060 12GB de la Asus noua sigilata,1350,1,0,Suceava
1,"AMD ASUS RX 7600 Dual, OC, 8GB, Garanție Emag 3 ani",999,0,0,Cluj
0,placa video asus gtx 1660 dual evo,600,1,1,Santu
0,Placa video Gigabyte R7 260x OC 2GB GDDR5 128-bit 199Ron,199,0,1,"Bucuresti, Sectorul 3"
0,Placa video 1650 4gb,300,1,1,Dej
0,Salvează căutareaTe anunțăm oricând apar anunțuri noi.SalveazăPlaca video XFX Radeon RX 6600 XT SPEEDSTER QICK08 BLACK 8GB GDDR,6870,0,1,Biharia
0,Placa Video Gigabyte 2 GB,100,0,1,Cehu Silvaniei
0,cablul alimentare placa video,25,0,1,"Bucuresti, Sectorul 4"
0,Placa video GIGABYTE GeForce GTX 460 OC2 1GB GDDR5 256-bit,100,0,1,"Bucuresti, Sectorul 1"
0,Placa video GTX 1080 MSi tip Blower,600,0,1,"Bucuresti, Sectorul 3"
0,Placa video Gainward GeForce GTX 570 Phantom 1.28GB GDDR5 320-bit,110,0,1,Marginea
0,"Placa video MSI Nvidia RTX 3080 Ti GAMING X TRIO, 12GB GDDR6X, 384-bit",3200,1,1,Ramnicu Valcea
1,nVidia RTX A2000 6GB - placa video profesionala noua SFF low profile,1100,0,0,Corbeanca
1,Vand Placa video ASUS RX570 4Gb EXPEDITION,250,0,1,Cluj
1,Placa video ASUS ROG Strix GeForce RTX 3070 TI OC Edition aproape nou,1750,0,1,Targu Jiu
0,AMD ATI Radeon HD 5870 Premium graphics,199,0,1,"Bucuresti, Sectorul 6"
0,Placa Video Gaming AMD RX 590 8GB GDDR5 Special Edition,610,0,1,"Bucuresti, Sectorul 4"
0,Placa video GTX 750 OC 1024M GDDR,5250,0,1,Brasov
0,"scheda video Geforce nvidia 4 GB,128 BIT",200,1,0,Craiova
0,Placa video Sapphire Nitro+ Radeon RX 570 8GB GDDR5 Garantie 6 Luni,450,0,1,"Bucuresti, Sectorul 3"
0,"Placa video Gaming ASUS nvidia GeForce 1050 , 2GB GDDR5 128 Bit GDDR",5250,0,1,"Bucuresti, Sectorul 3"
0,Vand placa video AMD FIREPRO™  W2100 2gb vram,200,0,1,Sighetu Marmatiei
0,Placa video Nvidia Quadro200,150,0,1,Buftea
0,placa video gtx107,550,0,1,Curtea de Arges
0,Vand Placa video Gainward Phoenix RTX 3070 Ti 8GB Defecta.,700,0,1,Cluj
1,"Placa Video Gigabyte 4070 super  windforce, oc edition, sigilata",3000,0,0,Constanta
1,Placa video Radeon RX 7900 GRE 16GB Powerrcolor Hellhound,2300,0,0,"Bucuresti, Sectorul 4"
1,CALCULATOR GAMING i5 16 GB RAM 750GB Placa VIDEO 8GB Garantie 12 Luni,1280,0,1,"Bucuresti, Sectorul 3"
0,Plăci video de vânzare,150,1,1,Lazaret
0,Placi video low end functionale hd 6450/4650/fx18,20,0,1,Tecuci
0,"Placa video Gigabyte GeForce GTX 1660 Super, 6GB GDDR6, 192-bit X3 FAN",1200,0,1,Boldesti
0,"Placa video ASUS GeForce GTX 750 Ti OC, 2GB GDDR5, 128-bit",200,0,1,Timisoara
0,Placa video Palit GTX 1660 Ti StormX 6GB DDR,6700,1,1,Vaslui
0,"Placa video MSI AMD Radeon HD 7770, 1024MB, GDDR5, 128bit",120,0,1,Targu Jiu
0,Vând placa video R937,300,1,1,Archiud
0,Placa Video ASUS GTX106,600,0,1,Timisoara
0,"Placa video ASUS GeForce® GTX 970 OC STRIX, 4GB GDDR5, 256-bit",329,1,1,Constanta
0,Placa video Gigabyte RTX 2080 Windforce OC 8GB,1200,0,1,Brasov
1,Vand materiale pentru containere modulare,250,0,0,Piatra Neamt
1,Placa video Sapphire Radeon RX 7700 XT Pulse,1899,0,1,Targu Neamt
1,Vând 4080 Super Rog Strix OC,6900,1,0,Slanic
0,Nvidia Rtx 2060 kfa,2600,0,1,"Bucuresti, Sectorul 5"
0,"Placa video eVGA nVidia GeForce GTX 460, 1GB, GDDR5, 256bit,",100,0,1,Medias
0,Gtx 970 Asus Strix 4gb,300,1,1,Popesti
0,placa video RTX A4000 16GB placa grafica profesionala  (fost Quadro),2500,0,1,Iasi
0,Placa video ASUS NVidia RTX 3080 ROG STRIX OC,2700,0,1,Ploiesti
0,Gigabyte 2060 Super Windforce OC 8Gb,1100,0,1,"Bucuresti, Sectorul 2"
0,Nvidia 8500gt 512mb,30,0,1,Sibiu
0,Gigabyte GeForce GTX 1070 256 biti,670,1,1,"Bucuresti, Sectorul 1"
0,Placa video GIGABYTE GeForce GTX 1060 GAMING 6GB GDDR5 192-bit,500,0,1,Carei
1,nVidia RTX A2000 6GB - placa video profesionala noua SFF low profile,1100,0,0,Corbeanca
1,RTX 3060 12GB de la Asus noua sigilata,1350,1,0,Suceava
1,Vând 4080 Super Rog Strix OC,6900,1,0,Slanic
0,Vand/Schimb Placa video ATI Saphire HD 4800 2GB,200,0,1,"Bucuresti, Sectorul 5"
0,"Placa Video Gigabite Geforce RTX 3060Ti 8Gb DDR6, 256-bit",1300,0,0,"Bucuresti, Sectorul 4"
0,Placa video - SAPPHIRE Radeon RX 6800 NITRO+ 16GB GDDR6 - Ca Nou,2500,1,1,Cluj
0,Salvează căutareaTe anunțăm oricând apar anunțuri noi.SalveazăPlaca video Palit GeForce® RTX3070 GameRock,1600,1,1,"Bucuresti, Sectorul 5"
0,"Sapphire PULSE de la ATI RADEON, RX VEGA 56 / 8GB GDDR5 / 2084-bit",1300,1,1,"Bucuresti, Sectorul 3"
0,Vanzare placi pikup,50,0,1,Pitesti
0,Placă video Gigabyte Ddr,5450,1,1,Valea Dragului
0,Rig mining/rig minat ETH 6x Gigabyte RX Vega 56 8GB ~270MH/s1,8413,1,1,"Bucuresti, Sectorul 6"
0,"Placa video GIGABYTE GeForce® GTX 980 Ti G1 GAMING, 6GB GDDR5, 384-bit",700,1,1,Timisoara
0,Placa Video RTX 4070 Ti Ca NOUA 12GB Fullbox Sigiliu Gaming MSI Ventus,2800,0,0,"Bucuresti, Sectorul 6"
1,Placa video Palit GeForce® RTX3070 GameRock,1600,1,1,"Bucuresti, Sectorul 5"
1,Placa video Sapphire RX 6600 GAMING 8GB GDDR6 ca noua﻿ garantie 3 luni,875,0,1,"Bucuresti, Sectorul 6"
1,Placa video RX 7900 XT PowerColor Hellhound 20GB GDDR6 noua,2850,1,0,"Bucuresti, Sectorul 5"
0,"Placa Video GIGABYTE GT 740 OC, 1GB/DDR5/128bit, LightGaming/Filme 4K",65,0,1,"Bucuresti, Sectorul 2"
0,Vind placa video,450,0,1,Medgidia
0,Vand rig pentru minat format din 11 placi.,6100,1,1,Ostrov Tataru
0,Placa video MSI Radeon RX 570 Armor OC 4GB GDDR5 256-bit,225,0,1,Gaesti
0,Placa video HP Paradise vintage pt 386 pe slot 16 bit ISA,650,1,1,Drumul Carului
0,Placă video RX 560 4 GB,200,1,1,Oradea
0,Placa Video Nvidia / AMD 1GB 64Bit DVI HDMI Multi View,60,0,1,"Bucuresti, Sectorul 3"
0,Placa video Ati Radeon HD64,5080,0,1,"Bucuresti, Sectorul 3"
1,Asus ROG Strix GeForce RTX 4070 Ti 12GB GDDR6X,4190,0,1,Cluj
1,"Placa video Gaming ASUS nvidia GeForce 1050 , 2GB GDDR5 128 Bit GDDR",5250,0,1,"Bucuresti, Sectorul 3"
0,Rtx 3060 12gigabytes,999,1,0,Calmatuiu
0,Placa Video PCI-Epress GeForce 660 GT 128 Mb,50,0,1,Focsani
0,Placa video rx58,350,1,1,"Bucuresti, Sectorul 6"
0,Placa video ultimul model de la Intel: Predator A770 16GB RAM,1750,0,0,Constanta
0,Placă video HIS HD 2600 PRO 512MB -128biti,30,0,1,"Bucuresti, Sectorul 3"
0,Placi video AMD X2600PRO Orion ADD 2N Dual,30,0,1,Slobozia
0,Vand placa video AMD R9 270x Gigabyte windforce,200,0,1,Cipau
0,Placa video gt71,150,0,1,Hemeius
0,Rtx 4070 Super alba 3 coolere sigilata,3100,0,0,"Bucuresti, Sectorul 6"
0,Rtx 4070 super 3 coolere Gigabyte sigilata,2800,0,0,"Bucuresti, Sectorul 6"
1,Placa Video Gigabyte RTX 4060Ti Eagle 8GB GDDR6 SIGILATA,1900,0,0,Iasi
1,Placa video  MSI RTX 3080Ti X Trio,3180,1,1,Alexandru cel Bun
1,"Placa Video Gigabyte 4070 super  windforce, oc edition, sigilata",3000,0,0,Constanta
0,KFA2 Nvidia GeForce RTX 3060 1-Click OC Series 12GB GDDR6 PCI Exp,2150,1,0,Mogosesti
0,Placa video ASRock Radeon RX 7900 XTX AQUA OC 24GB GDDR6 384-bit,7500,0,1,Ramnicu Valcea
0,Vand gtx 1660 super asus 6gb,450,0,1,Iasi
0,Vand placa video Nvidia GeForce GTX 1070 8GB Founders Edition,650,1,1,"Bucuresti, Sectorul 4"
0,MSI GEFORCE RTX™ 3070 TI SUPRIM X 8G placă video,3400,0,1,Odaile
0,Placa video Nvidia Quadro K500,580,1,1,"Ilfov, Baneasa"
0,Vand placa video Zotac Gt71,150,1,1,Pecica
1,Placa video Gigabyte GeForce RTX 3080 Ti Gaming OC N308TGAMING OC-12G,2800,0,1,"Bucuresti, Sectorul 3"
1,Placa video Inno3D GeForce RTX 4090 iCHILL X3 24GB GDDR6X,7000,0,1,Timisoara
1,Placa Video Gigabyte RTX 4060Ti Eagle 8GB GDDR6 SIGILATA,1900,0,0,Iasi
0,MSI GEFORCE RTX™ 3070 TI SUPRIM X 8G placă video,3400,0,1,Odaile
0,Placa video Nvidia Quadro K500,580,1,1,"Ilfov, Baneasa"
0,Vand placa video Zotac Gt71,150,1,1,Pecica
0,Salvează căutareaTe anunțăm oricând apar anunțuri noi.SalveazăVand Placa Video Sapphire Nitro R9 390 8GB GDDR5 512bit,350,0,1,Baicoi
0,Placa video MSI GeForce RTX 4060 Ti GAMING X 8GB GDDR6  este nou,1850,0,0,Constanta
0,Placa video RTX 3070 ti,1900,0,1,Timisoara
0,Placa video PNY GeForce RTX 4070 SUPER XLR8  12GB GDDR6 este nou,2850,0,0,Constanta
0,XFX Speedster MERC 319 Radeon RX 7800 XT Black Edition 16GB GDDR6,1400,0,1,Timisoara
0,Placa video MSI GeForce RTX 3060 VENTUS 3X OC LHR 12GB GDDR6 este nou,1350,0,0,Constanta
0,Placa video Nvidia RTX 3060 12 GB Palit single fan  Stormx,1200,1,1,"Bucuresti, Sectorul 1"
1,nVidia RTX 3060 Zotac,900,0,1,Timisoara
1,Asus Dual Oc RTX 3060 Ti Factura Garantie (pcgarage) proba video,1500,0,1,Vaslui
1,Placa video PowerColor Radeon RX 6900 XT 16GB GDDR6 256-bit,2000,0,1,"Bucuresti, Sectorul 2"
0,Placa video  Gainward RTX 2060 SUPER  Ghost. de 8 gb ddr6/256 biti,1050,0,0,Iasi
0,"Placa video Palit RTX 4070 DUAL, 12GB GDDR6X, 192-bit  este nou",2500,0,0,Constanta
0,"Placa video ASUS GeForce® GTX 1060 DUAL, 3GB GDDR5, 192-bit",390,0,1,"Bucuresti, Sectorul 1"
0,Nvidia Shield201,5650,0,1,"Bucuresti, Sectorul 6"
0,MSI 3070 Ventus 2x Garantie,1800,1,1,"Bucuresti, Sectorul 1"
0,ASUS ROG Strix Radeon RX 6750 XT OC 12GB GDDR6,1700,0,1,Timisoara
0,Placa video Pci express - diverse modele - testate,45,0,1,Sibiu
0,Placa video Gigabyte GeForce RTX 3090 Turbo,3700,0,0,Baia Mare
0,Radeon RX 580 4 GB XFX,300,0,1,Suceava
0,"Placa video Msi Gaming x R9 380 4GB GDDR5 256-bit , ca noua",300,0,1,Iasi
1,Vând 4080 Super Rog Strix OC,6900,1,0,Slanic
1,Placa video Palit GeForce® RTX3070 GameRock,1600,1,1,"Bucuresti, Sectorul 5"
1,Placa video Sapphire Radeon RX 7700 XT Pulse,1899,0,1,Targu Neamt
0,"placa video XFX Radeon Rx 580 8gb 256-bit DDR5 , gta5 , counter",500,0,1,Iasi
0,Placa video GeForce GTX 1660 Ti VENTUS XS 6Gb ram OC Nvidia,600,1,1,Arad
0,Vând rtx 3060 lhr 12gb,800,0,1,Satu Nou
0,Placa video Inno3D GeForce RTX 4090 iCHILL X3 24GB GDDR6X,7000,0,1,Timisoara
0,Placa video 1060 6gb,450,1,1,Dobresti
0,Vând placa video Asus R9 270X,200,0,1,Mihailesti
0,Vand placa video AMD Radeon RX 5700 XT 50th Anniversary 8GB GDDR,6800,1,1,Cernavoda
0,"sistem i7 10700k , 16 gb ddr4, ssd 500, rtx 3060ti",4800,0,0,Iasi
0,Placa video AMD Radeon RX 550 4gb,330,1,1,Bacau
0,"Placa video ASUS TUF Gaming  Radeon RX 5600 XT , 6GB, GDDR6 -la cutie",750,0,0,Iasi
1,Placa Video Palit GeForce RTX 3080 10gb,2000,0,1,"Bucuresti, Sectorul 4"
1,RTX 3060 12GB de la Asus noua sigilata,1350,1,0,Suceava
1,Placa video  MSI RTX 3080Ti X Trio,3180,1,1,Alexandru cel Bun
0,Placă video pentru PC,600,1,1,Gherla
0,Placa video Gtx165,500,1,1,Pestisu Mare
0,Placa video gtx 1060 6gb,369,1,1,Curciu
0,Placa video  gtx 1060 6gb,389,1,1,Curciu
0,Placa video Amd 5700Rx 8GB,850,1,1,Iasi
0,placa video defecta MSI Radeon R9 380 4gb,300,0,1,"Bucuresti, Sectorul 4"
0,XFX Radeon RX 470 8 GB GDDR5 256-bit,300,0,1,"Bucuresti, Sectorul 1"
0,"Placa video Sapphire Radeon RX 7800 XT Pulse, 16GB GDDR6, 256 bit",2300,0,1,Cluj
0,Placa video GTX165,700,0,1,Cluj
0,Placa video Nvidia RTX 3070Ti PNY Xlr8,1800,0,1,Iasi
1,Vând 4080 Super Rog Strix OC,6900,1,0,Slanic
1,"Placa Video Gigabyte 4070 super  windforce, oc edition, sigilata",3000,0,0,Constanta
1,Placa video Inno3D GeForce RTX 4090 iCHILL X3 24GB GDDR6X,7000,0,1,Timisoara
0,Placa video gtx 1080 TI,800,1,1,Iasi
0,Vand placi video functionale si negunctionala,250,1,1,Ernei
0,Salvează căutareaTe anunțăm oricând apar anunțuri noi.SalveazăVand placa video defecta  amd radeon r9 390x 8 gb gddr 5 512bit,80,1,1,Ernei
0,Vand placa video gtx 570 de la gygabite windforce de 1.2g,70,0,1,Ernei
0,"GTX 1050 TI 4GB Idle pana la 50C-55C,silentioasa",550,1,0,Vaslui
0,GTX 1050TI 4GB Noua,350,0,0,Barlad
0,placa video nvidia gt 710 TIP: office,300,0,1,Campia Turzii
0,Gigabyte Aorus RTX 2080 Super water,1250,0,1,"Ilfov, Popesti"
1,Placa video  MSI RTX 3080Ti X Trio,3180,1,1,Alexandru cel Bun
1,Placa Video Gigabyte RTX 4060Ti Eagle 8GB GDDR6 SIGILATA,1900,0,0,Iasi
1,Placa video ASUS ROG Strix GeForce RTX 3070 TI OC Edition aproape nou,1750,0,1,Targu Jiu
0,Placa Video GeForce GTX 1060 6GDR5 192 Bit OC inno3D HerculeZ,470,0,1,Oradea
0,Placa video ZOTAC GeForce GTX 570 1280MB Synergy Edition,250,0,1,Craiova
0,Placa video GIGABYTE GeForce GTX 1660 SUPER Gaming OC 6GB GDDR,6700,1,1,Ramnicu Valcea
0,Placa video Nvidia Asus TUF RTX 3080 10GB OC,2500,1,1,Repedea
0,Placa video RX 5600XT,600,1,1,Brasov
0,Placa video Nvidia 1650 4 GB Super Ventus OC v2 Edition,1000,0,1,Ploiesti
0,Cutie Nvidia RTX30,6040,0,1,Suceava
0,Placa video Intel Arc A770 AsRock Phantom Gaming 8 Gb,1400,1,1,Ploiesti
0,Placa video ROG STRIX RTX 2070 SUPER OC,1500,0,1,"Bucuresti, Sectorul 3"
1,Placa video Sapphire RX 6600 GAMING 8GB GDDR6 ca noua﻿ garantie 3 luni,875,0,1,"Bucuresti, Sectorul 6"
1,XFX AMD Radeon™ RX 580 GTS XXX Edition 8GB,745,0,0,"Bucuresti, Sectorul 3"
1,Placa Video nVidia Quadro NVS 510 2GB DDR3 128 bit HDMI,100,0,1,"Bucuresti, Sectorul 3"
0,Placa video Asus GTX 760 2 GB DDR5 256-bit.,190,0,1,"Bucuresti, Sectorul 4"
0,Placă video RX550 pulse Sapphire 4GB,400,1,1,Contesti
0,Palit GeForce GTX 1060 Dual 3GB (NE51060015F9-1061D) Placa video,300,0,1,Timisoara
0,Placa video Asus,400,1,1,Braila
0,Placa video Nvidia Geforce 9600 GT 1024 mb DDR 3 256b,120,0,1,Bicaz
0,Vând placă video gt 430 1 gb 128 biti,60,0,1,Deva
0,placa video pc 2gb ddr,6350,0,0,Bacau
0,Placa video GeForce gtx 260 core21,6300,1,1,Timisoara
1,Placa video Sapphire Radeon RX 7700 XT Pulse,1899,0,1,Targu Neamt
1,Asus ROG Strix GeForce RTX 4070 Ti 12GB GDDR6X,4190,0,1,Cluj
1,Placa video nVidia Quadro K200,160,0,1,Timisoara
0,Placa video ASUS GTX 550 Ti,150,0,1,Brasov
0,Placa video AMD Radeon HD 6950 ( 6970 ),220,0,1,Brasov
0,Placa video AMD ASRock Phantom Gaming D RX580 8GB,300,1,1,Alexandria
0,Nvidia Gtx 1060 3GB,350,0,1,Galati
0,ASUS Strix GTX 1080TI 11 Gb,1000,1,1,Cluj
0,Placa video ASUS GeForce® GTX 1080 Ti Turbo,1300,0,1,Sibiu
0,"Placa video ASUS  GTX 1070 Ti STRIX GAMING, 8GB DDR5, 256-bit ,ca noua",950,0,1,Iasi
0,Placa video Gigabyte GeForce RTX 3060 oc 12G,1290,0,1,Pitesti
0,Placa video Sapphire HD7750 1GB GDDR,5100,1,1,Braila
0,Placă video rx 480 Asus OC Version 4GB Vram,600,1,1,Targu Jiu
1,Vand materiale pentru containere modulare,250,0,0,Piatra Neamt
1,HP nVidia Quadro 2000 PROFESIONALA 1 GB DDR5/128bit PCI-E x,1675,0,1,Bistrita
1,nVidia RTX 3060 Zotac,900,0,1,Timisoara
0,Placă video Republic of Gamers,500,0,1,Timisoara
0,Placa video Gaming Gigabyte GTX 1080 8GB DDR5X 256bit,700,1,1,Jimbolia
0,Placa video Sapphire Radeon RX 7700 XT Pulse,1899,0,1,Targu Neamt
0,Salvează căutareaTe anunțăm oricând apar anunțuri noi.SalveazăPlaca video R724,300,1,1,Tauteu
0,Culoare placa video,70,0,1,"Bucuresti, Sectorul 3"
0,Placa video GeForce 9500-Gt 1GB,50,0,1,Vidrasau
0,"EVGA GeForce GTX 1660 Ti SC Ultra GAMING, 6GB GDDR6",1000,0,1,Timisoara
0,"Placa Video Gigabyte Aorus Xtreme RTX 3090 24GB, 384-biti",3600,0,1,Oradea
0,"Radeon RX6600xt Powercolor, garantie Emag",990,0,1,"Bucuresti, Sectorul 6"
0,Placă video Asus Tuf,1100,1,1,Timisoara
1,nVidia RTX A2000 6GB - placa video profesionala noua SFF low profile,1100,0,0,Corbeanca
1,Placa video Sapphire Radeon RX 7700 XT Pulse,1899,0,1,Targu Neamt
0,Placa video ATI Radeon R5 240 Low Profile,45,0,1,Radauti
0,Placa Video Laptop ATI Radeon HD36,5050,0,1,Constanta
0,GeForce Gt 1030 Aero ITX 2GD4 OC,120,1,1,Radauti
0,Placa video MSI Radeon R7 250 OC 2GB DDR3 128-bit,140,0,1,Merei
0,Placa video Nvidia Founders GeForce GTX 770 2GB GDDR5 256-bit,315,0,0,"Bucuresti, Sectorul 6"
0,Placa video Palit GeForce GTX 1070 Dual 8GB GDDR5 256-bit,715,0,0,"Bucuresti, Sectorul 6"
0,"Placa video XFX Radeon RX 580 GTS XXX Edition, 8GB GDDR5 256-bit,",550,0,0,"Bucuresti, Sectorul 6"
0,Gigabyte GTX 1080 ti Waterforce WB Extreme Edition 11G Aorus,2000,1,0,Runcu
0,Placa Video Rtx 3080 Ti Gainward Phoenix,2800,1,1,"Bucuresti, Sectorul 1"
0,Gigabyte RX 5700 XT Gaming OC 8GB,750,0,1,"Bucuresti, Sectorul 6"
1,RTX 3060 12GB de la Asus noua sigilata,1350,1,0,Suceava
1,"Placa video Gaming ASUS nvidia GeForce 1050 , 2GB GDDR5 128 Bit GDDR",5250,0,1,"Bucuresti, Sectorul 3"
1,"AMD ASUS RX 7600 Dual, OC, 8GB, Garanție Emag 3 ani",999,0,0,Cluj
0,Placa video RX 580 Asus 4GB cutie originala,199,0,1,Suceava
0,Nvidia GTX 1050 2GB,170,1,1,Focsani
0,Placa video Gigabyte GTX 1070 G1 Gaming 8Gb Ddr5 /256 biti,800,0,1,Iasi
0,"Placa video Asus Phoenix GeForce GTX 1660 OC SUPER, 6GB GDDR5, 192-bit",675,0,1,Iasi
0,Placa Video R72,4030,1,1,Borsa
0,Placa video Agp pc,40,1,1,Ploiesti
0,Placa Video Gaming Grafica CAD Quadro K4000 3 GB 192 bit GDDR,5240,0,1,Buzau
0,Ram si placa video de vanzare,150,1,1,Bacau
1,Placa video Sapphire RX 6600 GAMING 8GB GDDR6 ca noua﻿ garantie 3 luni,875,0,1,"Bucuresti, Sectorul 6"
1,Vand Placa video ASUS RX570 4Gb EXPEDITION,250,0,1,Cluj
1,CALCULATOR GAMING i5 16 GB RAM 750GB Placa VIDEO 8GB Garantie 12 Luni,1280,0,1,"Bucuresti, Sectorul 3"
0,Placa Video GTX 660 GigaByte,200,1,1,Cluj
0,Vând placa video rx 5700xt oc,700,0,1,Lugoj
0,Placa video Sapphire AMD,450,1,1,Piatra Neamt
0,Placa video RTX 3080 10GB/320 BIT LHR noua,3400,1,0,Baia Mare
0,Placa video MSI Nvidia GT 1030 OC 2G Low Profile HDMI DP,280,0,1,Buzau
0,Placa video Sapphire rx 580 8gb Blue,600,0,1,"Bucuresti, Sectorul 1"
0,Placa video nVidia Quadro K420,500,0,1,Capalnas
0,"Placa video nVidia Quadro K5200, 8GB GDDR5, 256bit, 2 x DVI, 2 x DP",1000,0,1,Capalnas
0,GIGABYTE AORUS GeForce RTX 3060 Ti Elite lhr 8GB gddr6 256-bit,1399,0,1,Pitesti
0,"Placa video  RadeonRX 6700 XT Hellhound, 12GB GDDR6, 192-bit , noua",2000,0,0,Iasi
1,nVidia RTX A2000 6GB - placa video profesionala noua SFF low profile,1100,0,0,Corbeanca
1,Placa video Sapphire Radeon RX 7700 XT Pulse,1899,0,1,Targu Neamt
1,Placa video ASUS ROG Strix GeForce RTX 3070 TI OC Edition aproape nou,1750,0,1,Targu Jiu
0,Placa video Geforce GTX,680,1,0,Rosu
0,Placa video gddr,5170,0,1,Iasi
0,Placa video gigabyte thx165,700,0,1,"Bucuresti, Sectorul 1"
0,Salvează căutareaTe anunțăm oricând apar anunțuri noi.SalveazăPlaca video Asus Tuf RTX 3060 OC,1300,0,0,Reghin
0,Placă video nvidia quadro FX18,50,1,1,Tataranu
0,Placa video Sapphire AMD Radeon RX Vega56 8GB,750,0,1,Targu Jiu
0,Calculator aproape NOU gaming placa video Ati Radeon RX 570 4GB,2800,1,1,"Bucuresti, Sectorul 4"
0,Placa Video nVidia GTX 1660 SUPER 6GB,900,1,1,Calafat
0,"Placa Video Gaming Dell Amd Radeon RX550 4GB DDR5, PCIe 16X",350,1,1,Pitesti
1,Placa video Gigabyte GeForce RTX 3080 Ti Gaming OC N308TGAMING OC-12G,2800,0,1,"Bucuresti, Sectorul 3"
1,Placa video RX 570 Gaming  NITRO+  8 GB GDDR5 256-bit Garantie 6 Luni,450,0,1,"Bucuresti, Sectorul 3"
1,RTX 3060 12GB de la Asus noua sigilata,1350,1,0,Suceava
0,Placa Video - Gainward GTX 1660 Super Ghost,1000,1,1,Iasi
0,Placa video ASUS Radeon R9 280X DirectCU II Top 3GB DDR5 384-bit,250,1,1,Oradea
0,Placa video Sparkle GeForce GTS 250 512MB DDR3 256biti,70,0,1,Brasov
0,"Hitman 2 –rtx 2060 super , i7 2600, 8 gb , 500 -Gaming pc",1950,0,1,Iasi
0,GTA V -Gaming pc cu procesor i5 si video 8 gb ddr5/256 biti,1350,0,1,Iasi
0,placa video radeon rx6500xt,450,1,1,"Bucuresti, Sectorul 2"
0,Vând placa video vechie,25,0,1,Onesti
0,Vand/schimb placa video gtx 1050Ti 4gbGddr,5450,0,1,Craiova
1,Placa Video nVidia Quadro NVS 510 2GB DDR3 128 bit HDMI,100,0,1,"Bucuresti, Sectorul 3"
1,XFX AMD Radeon™ RX 580 GTS XXX Edition 8GB,745,0,0,"Bucuresti, Sectorul 3"
1,Placa video RTX 4070 OC  12GB  Garantie,2299,0,1,"Bucuresti, Sectorul 4"
0,Rtx 3080 Gigabyte 12Gb,2500,1,1,Timisoara
0,GT 220 512mb GDDR3 Gainward,80,1,1,Iasi
0,placa video  GT220 Green 1gb/ddr3-128 bit,50,0,1,Bacau
0,Placa video sapphire amd radeon 5500 xt 4gb,600,1,1,Bacau
0,Vand placa video GTX 950 2GB,280,0,1,Cluj
0,Placa video rx 58o xfx,450,1,1,Brasov
0,De vanzare  - mining rig,5972,1,1,Nasaud
0,Placa Video Club 3D Radeon HD 6450 Noiseless Edition,130,0,0,Resita
0,Placa Video Palit GeForce RTX 3080 10gb,2000,0,1,"Bucuresti, Sectorul 4"
0,Geforce gtx 1050 ti,420,1,1,Titu
1,"Vand mining rig rx560, rx580 4g,8g saphire",4599,0,1,Alba Iulia
1,Asus ROG Strix GeForce RTX 4070 Ti 12GB GDDR6X,4190,0,1,Cluj
1,Placa video Sapphire Nitro+ Radeon RX 570 8GB GDDR5 Garantie 6 Luni,450,0,1,"Bucuresti, Sectorul 3"
0,"Placa Video Nitro RX580 de 8gb Special Edition , ca noua /256 biti",450,0,1,Iasi
0,"PNY NVIDIA Quadro P2200, 5GB, GDDR5, 160 bit, DisplayPort",1600,0,0,"Bucuresti, Sectorul 3"
0,Plăci video PC PCI expres,40,0,1,Alba Iulia
0,Vand Placa video ASUS RX570 4Gb EXPEDITION,250,0,1,Cluj
0,Sapphire HD795,300,0,1,Pucioasa
0,Placa video Sapphire RX 5500 XT Nitro+ OC 8gb GDDR,6500,0,1,Alexandria
0,Placa video PCI-E veche functionala pentru retro gaming,35,0,1,"Bucuresti, Sectorul 3"
0,Placa Video gtx1060,1400,0,0,Brasov
0,Placa video profesionala Nvidia Quadro P6000 24Gb,1500,0,1,Ploiesti
0,vand/schimb placa video Asus Rx 560 2GB DDR,5180,0,1,Iasi
1,Placa video Gigabyte GeForce RTX 3080 Ti Gaming OC N308TGAMING OC-12G,2800,0,1,"Bucuresti, Sectorul 3"
1,"Vand mining rig rx560, rx580 4g,8g saphire",4599,0,1,Alba Iulia
1,Placa video Palit GTX 1660 Ti StormX 6GB DDR,6700,1,1,Vaslui
0,Placa Video gtx1060,1400,0,0,Brasov
0,Placa video profesionala Nvidia Quadro P6000 24Gb,1500,0,1,Ploiesti
0,vand/schimb placa video Asus Rx 560 2GB DDR,5180,0,1,Iasi
0,Salvează căutareaTe anunțăm oricând apar anunțuri noi.SalveazănVidia RTX A2000 6GB - placa video profesionala noua SFF low profile,1100,0,0,Corbeanca
0,Placa grafica ATI-102-C33302(b),70,0,1,Suceava
0,Placa video Radeon RX 580 GTS XXX Edition 8GB,600,1,1,"Bucuresti, Sectorul 5"
0,Vând placă video GeForceRTX3080TIEAGLE12G,3000,1,1,Rudicica
0,"Placa video Gigabyte GeForce® GTX 1060 6GB GDDR6, 192-bit",690,0,1,Arad
0,placa video sparkle nvidia geforce 9500gt 512 mb 128 bit vga si dvi,30,0,1,"Bucuresti, Sectorul 4"
1,Gigabyte GTX 1080 ti Waterforce WB Extreme Edition 11G Aorus,2000,1,0,Runcu
1,Placa video Sapphire Nitro+ Radeon RX 570 8GB GDDR5 Garantie 6 Luni,450,0,1,"Bucuresti, Sectorul 3"
1,Placa video RX 5600XT,600,1,1,Brasov
0,Placa video 1660 Super Palit,600,1,1,Bucov
0,Placa video Sapphire PULSE RADEON RX58,700,1,1,Cluj
0,"Placa video power color r9 390 , 4gb",250,0,1,"Bucuresti, Sectorul 6"
0,"Placa video geforce gtx 470 , 1280m , 320b",150,0,1,"Bucuresti, Sectorul 6"
0,Palit GeForce RTX2060 SUPER Dual V1 8GB - factura garantie,1300,0,1,"Bucuresti, Sectorul 3"
0,Nvidia RTX 3080 Trinity OC,1900,1,1,Iasi
0,Rtx 3080 10gb gigabyte,2500,0,1,"Bucuresti, Sectorul 4"
0,GTX780Ti Founders Edition 3Gb,300,0,1,Galati
1,"Placa Video Gigabyte 4070 super  windforce, oc edition, sigilata",3000,0,0,Constanta
1,RTX 3060 12GB de la Asus noua sigilata,1350,1,0,Suceava
1,Placa Video nVidia Quadro NVS 510 2GB DDR3 128 bit HDMI,100,0,1,"Bucuresti, Sectorul 3"
0,Vand Placa video GigaByte Radeon RX580 8 GB,430,0,1,Baia Mare
0,Placa Video nVidia Geforce 210 1GB RAM cu iesiri HDMI DVI VGA,50,0,1,Sibiu
0,Gigabyte GeForce GTX 1060 WINDFORCE OC 6GB,380,1,1,Alexandru cel Bun
0,Placa Video Radeon RX 7800 XT Nitro+ 16Gb,2500,0,0,Giurgiu
0,XFX AMD Radeon™ RX 580 GTS XXX Edition 8GB,745,0,0,"Bucuresti, Sectorul 3"
0,Rig 280MH miner bitcoin ethereum crypto asic placa video rtx rx auto1,7418,0,1,"Bucuresti, Sectorul 3"
0,Nvidia RTX 3060TI,1200,1,1,Tecuci
0,Placa video Gigabyte ATI Radeon HD585,350,0,1,"Bucuresti, Sectorul 3"
0,Placa video MSI GTX 660Ti 2GB GDDR,5140,0,1,Buzau
0,Placă video Intel ARC 310 4GB Low Profile garanție,475,0,0,"Bucuresti, Sectorul 3"
1,Placa video Radeon RX 7900 GRE 16GB Powerrcolor Hellhound,2300,0,0,"Bucuresti, Sectorul 4"
1,Placa video PowerColor Radeon RX 6900 XT 16GB GDDR6 256-bit,2000,0,1,"Bucuresti, Sectorul 2"
1,Placa video  MSI RTX 3080Ti X Trio,3180,1,1,Alexandru cel Bun
0,"Placa video GeCube ATi Radeon X1600 PRO 512 MB MAX (256 MB GDDR2, 128b",20,0,1,Pucioasa
0,Vand Placa video PowerColor Radeon RX 6600 Fighter 8GB GDDR6 1‎28-bit,700,0,1,"Bucuresti, Sectorul 6"
0,Vând 4080 Super Rog Strix OC,6900,1,0,Slanic
0,PLACA VIDEO RX 6900XT sapphire nitro+ SE (gold chip-temp mai mici),2500,1,1,Brebu
0,Placa Video Sapphire Radeon RX 550 4gb,280,1,1,Baia Mare
0,Placa video Asus R7 360 OC,100,0,1,Timisoara
0,"Placa video SFF Nvidia GT 605 ,1G DDR3 HDMI",80,0,1,Buzau
0,"Placa video XFX Radeon RX 6800 SPEEDSTER SWFT 319, 16GB GDDR6, noua",1800,0,0,Iasi
1,Placa video RX 7900 XT PowerColor Hellhound 20GB GDDR6 noua,2850,1,0,"Bucuresti, Sectorul 5"
1,Placa video Palit GeForce® RTX3070 GameRock,1600,1,1,"Bucuresti, Sectorul 5"
1,Placa video RTX 4070 OC  12GB  Garantie,2299,0,1,"Bucuresti, Sectorul 4"
0,Kit SLI gaming 2 x GTX 690 4GB 512bit GDDR,5900,1,1,Galati
0,Placa video GAINWARD GTX 570 1.28 GB 320 bit hdmi displayport,200,0,1,Ploiesti
0,"Placa Video Gigabyte 4070 super  windforce, oc edition, sigilata",3000,0,0,Constanta
0,Salvează căutareaTe anunțăm oricând apar anunțuri noi.SalveazăPlaca video Gigabyte GeForce GTX 1050 OC 2GB GDDR5 128-bit,200,0,1,"Bucuresti, Sectorul 4"
0,Rx 580 OC+ XFX 4gb,300,0,0,Sovata
0,Placa video R72,5060,0,1,Timisoara
0,Placa video Gigabyte GeForce RTX 2070 SUPER WINDFORCE OC 3X 8GB GDDR,6900,1,1,"Bucuresti, Sectorul 4"
0,msi GeForce gtx 1650 twin frozr,7850,1,1,"Bucuresti, Sectorul 3"
0,Placi video functionale,40,0,1,Iasi
0,Placa video Nvidia quadro k42,100,0,1,Iasi
1,Placa Video nVidia Quadro NVS 510 2GB DDR3 128 bit HDMI,100,0,1,"Bucuresti, Sectorul 3"
1,Placa Video Palit GeForce RTX 3080 10gb,2000,0,1,"Bucuresti, Sectorul 4"
1,RTX 3060 12GB de la Asus noua sigilata,1350,1,0,Suceava
0,Vand placa de baza socket11,5650,0,0,Mahmudia
0,Placa video GTX 1050ti,250,0,1,"Bucuresti, Sectorul 6"
0,Vand materiale pentru containere modulare,250,0,0,Piatra Neamt
0,Nvidia Geforce GTX95,200,0,1,Odvos
0,Placa video Asus rog G750 Dezmembrez Asus gaming G750VW nu mesaje,650,0,1,"Bucuresti, Sectorul 3"
0,Placa video gtx75,160,0,1,Vladesti
0,Placa de baza Gigabyte Z390 Aorus Pro Gaming Ca NOUA RGB,500,0,0,"Bucuresti, Sectorul 6"
0,30 Riguri de  minat 6x RX 580 8Gb/6VGA,2200,1,1,Bistrita
0,Placa a fost cumparata acum,300,0,1,Deleni
1,Placa video Sapphire Radeon RX 7700 XT Pulse,1899,0,1,Targu Neamt
1,Placa video RX 5600XT,600,1,1,Brasov
1,"Placa Video Gigabite Geforce RTX 3060Ti 8Gb DDR6, 256-bit",1300,0,0,"Bucuresti, Sectorul 4"
0,Placa video 1998 Matrox. MGA-G10,100,0,1,"Bucuresti, Sectorul 2"
0,Placa video RTX 4070 OC  12GB  Garantie,2299,0,1,"Bucuresti, Sectorul 4"
0,Placă video LowP. AMD Radeon HD 7570 Gddr,5120,0,1,Targu
0,Vand placa video radeon sapphire,150,1,1,Floresti
0,Placa video ASUS GTX 760 OC,90,1,1,Craiova
0,Placa Video MSI nVidia GeForce NX8400GS 512 Mo,50,0,1,Popesti
0,Placa video Gigabyte RTX 3070 Aorus Master 8G,2199,0,1,"Bucuresti, Sectorul 6"
0,Placa video ASUS TUF Gaming GTX 1650 4GB DDR,6450,1,1,"Bucuresti, Sectorul 5"
0,Placa video Gigabyte RTX 3070 Gaming OC 8G,1999,0,1,"Bucuresti, Sectorul 6"
1,Placa video Gigabyte GeForce RTX 3080 Ti Gaming OC N308TGAMING OC-12G,2800,0,1,"Bucuresti, Sectorul 3"
1,Placa video PowerColor Radeon RX 6900 XT 16GB GDDR6 256-bit,2000,0,1,"Bucuresti, Sectorul 2"
1,Placa video Inno3D GeForce RTX 4090 iCHILL X3 24GB GDDR6X,7000,0,1,Timisoara
0,"Placa video SAPPHIRE Radeon™ R9 380 NITRO, 4GB GDDR5, 256-bit, Back P",500,1,1,Oradea
0,"Placa video Inno3D GTX 1060 Compact, 6GB GDDR5, 192 bit",499,0,1,"Bucuresti, Sectorul 6"
0,Placa video Gigabyte RTX 3080 Gaming OC 10G,2399,0,1,"Bucuresti, Sectorul 6"
0,Placa video ASUS RTX 2060 SUPER ROG STRIX GAMING 8GB GDDR6 256-bit,1100,0,1,Galati
0,PowerColor RX 6700 XT,1400,1,1,Deva
0,"Placă video Sapphire Radeon RX 580 NITRO+, 4GB GDDR5, 256-bit",500,1,1,Simeria
0,Placa video RTX 4070 SUPER 3x,3000,0,0,"Bucuresti, Sectorul 5"
0,Placa Video Sapphire Radeon RX 550 4gb,250,1,1,"Bucuresti, Sectorul 5"
0,Vand rtx 2060 6 gb,850,1,1,Panic
0,Placa video nvidia 4gb 2gb,250,1,1,Busteni
1,Placa Video nVidia Quadro NVS 510 2GB DDR3 128 bit HDMI,100,0,1,"Bucuresti, Sectorul 3"
1,Placa video Sapphire Nitro+ Radeon RX 570 8GB GDDR5 Garantie 6 Luni,450,0,1,"Bucuresti, Sectorul 3"
1,Placa video nVidia Quadro K200,160,0,1,Timisoara
0,Placa Video Sapphire Radeon RX 550 4gb,250,1,1,"Bucuresti, Sectorul 5"
0,Vand rtx 2060 6 gb,850,1,1,Panic
0,Placa video nvidia 4gb 2gb,250,1,1,Busteni
0,Salvează căutareaTe anunțăm oricând apar anunțuri noi.SalveazăPlaca video HD 5450 dell oem 1gb,50,1,1,Iasi
0,nVidia RTX 3050 OEM 8Gb,700,0,0,"Ilfov, Popesti"
0,Placa video MSI gaming X rx480 4gb 256 bit,450,1,1,Focsani
0,Vând placa video rx58,300,0,0,Agigea
0,Vând placa video rtx 2080 super 8gb,1100,1,0,Cluj
0,"Vand placa video Asus NVIDIA GeForce GTX 650 DirectCU, 1 GB.",150,0,1,Ploiesti
0,"GIGABYTE GeForce RTX™ 4070 Super EAGLE OC, 12GB GDDR6X, 192 biti",2500,0,0,Ploiesti
1,XFX AMD Radeon™ RX 580 GTS XXX Edition 8GB,745,0,0,"Bucuresti, Sectorul 3"
1,Placa video Gigabyte GeForce RTX 3080 Ti Gaming OC N308TGAMING OC-12G,2800,0,1,"Bucuresti, Sectorul 3"
1,"Placa Video Gigabyte 4070 super  windforce, oc edition, sigilata",3000,0,0,Constanta
0,"Placa video eVGA nVidia gtx 950, 2GB, GDDR5, 128 Bit",250,1,1,Iasi
0,Placa Video GeForce Pheonix GTX 1650S OC 4GB,550,1,1,Sacele
0,Placa Video Profesionala HP Nvidia RTX A4000 16GB,4000,0,0,"Bucuresti, Sectorul 6"
0,"AMD ATI RADEON 102-C26405 HD 6450 1GB PCI-E Graphics card, placa video",50,0,1,Iasi
0,GeForce RTX 3090  Founders Edition 24GB,4450,1,0,Drumul Carului
0,"Pc gaming cu i5 13400 , 16 gb ram si rtx 3070 , rtx 3090 la alegere",5500,0,0,Iasi
0,Nvidia GeForce GT 730 / GT63,210,0,1,Otopeni
0,placi video Nvidia/Radeon,50,1,1,Horezu
0,PC Gaming 4K - i7 14700K - rx 6900xt se de 16 gb ddr6 / 64 gb ram,8600,0,0,Iasi
0,"Placa video Asus Dual GTX 1660 SUPER OC Edition, 6GB, GDDR6 , ca noua",750,0,1,Iasi
1,"Placa video Gaming ASUS nvidia GeForce 1050 , 2GB GDDR5 128 Bit GDDR",5250,0,1,"Bucuresti, Sectorul 3"
1,Placa video PowerColor Radeon RX 6900 XT 16GB GDDR6 256-bit,2000,0,1,"Bucuresti, Sectorul 2"
1,Placa video Inno3D GeForce RTX 4090 iCHILL X3 24GB GDDR6X,7000,0,1,Timisoara
0,Placa video ASUS GTX 1070 ROG STRIX GAMING 8GB GDDR5 256-bit,850,0,1,Iasi
0,Placa Video Sapphire Rx 580 Special Edition 8gb,300,0,1,Ramnicu Valcea
0,Placa video AMD R9 380 NITRO,300,0,1,Targoviste
0,Vând placă video RTX GEFORCE 3060 Ti,1400,0,1,Santandrei
0,"Placă video Sapphire Radeon RX 570 PULSE, 8GB GDDR5, 256-bit",500,0,1,Simeria
0,GeForce Gtx 1650 super Pegasus 4gb gddr,6400,0,1,Lipova
0,Pc Gaming pc cu i9 9900 si video rtx 3060 de 12 gb ddr6,3000,0,1,Iasi
0,Pc Gaming  i9 9900 / gtx 1080ti de 11 gb ddr5 / 16 gb ram,2800,0,1,Iasi
1,Placa video RTX 4070 OC  12GB  Garantie,2299,0,1,"Bucuresti, Sectorul 4"
1,Gigabyte GeForce GTX 1060 WINDFORCE OC 6GB,380,1,1,Alexandru cel Bun
1,Placa video Sapphire Radeon RX 7700 XT Pulse,1899,0,1,Targu Neamt
0,"Placa video  Sapphire Nitro R9 380 4GB GDDR5 256-bit , ca noua",300,0,1,Iasi
0,Placa video ASUS GTX 1060 Dual OC 6GB - pachet FULL,760,0,1,"Bucuresti, Sectorul 6"
0,Placa video gaming nVidia GTX 690 4GB 512bit GDDR,5450,1,1,Galati
0,Placa video 2GB DDR3 PCI-E GV-N630-2GI,125,0,1,Iasi
0,riser card placa video mining cu cablaj PCI-E Express 1X-16X,33,0,0,"Bucuresti, Sectorul 1"
0,Gtx 275 MSI Twin Frozer oc,70,0,1,Rosu
0,"Gigabyte AORUS GeForce® RTX 2060 SUPER™, 8GB, 256-bit",1000,0,1,"Bucuresti, Sectorul 4"
0,MSI RTX 2080TI Gaming Trio,2150,1,1,Dofteana
1,Placa video Sapphire Nitro+ Radeon RX 570 8GB GDDR5 Garantie 6 Luni,450,0,1,"Bucuresti, Sectorul 3"
1,Placa video nVidia Quadro K200,160,0,1,Timisoara
1,Placa video Inno3D GeForce RTX 4090 iCHILL X3 24GB GDDR6X,7000,0,1,Timisoara
0,MSI RTX 2080TI Gaming Trio,2150,1,1,Dofteana
0,Geforce gtx 960 2gb,200,0,1,Cumpana
0,Vand RTX 3050 8gb nou,1399,0,0,Suceava
0,Salvează căutareaTe anunțăm oricând apar anunțuri noi.SalveazăPlaca video Asus GeForce En210 1GB,70,1,1,Giurgiu
0,Placa video Sapphire Radeon RX 6600 XT PULSE 8GB GDDR6,1200,0,1,Iasi
0,racire placa video Radeon Nitro+ RX Vega 64 8GB HBM,2170,0,1,"Bucuresti, Sectorul 4"
0,Placa video Asus 970 strix,280,0,1,Iasi
0,Placi video Gigabyte-MSI-ASUS,220,1,1,Crang
0,Vand Placa video gigabyte rtx 3060 12gb GDDR6 192bit la cutie garantie,1199,0,1,"Bucuresti, Sectorul 6"
1,Asus Dual Oc RTX 3060 Ti Factura Garantie (pcgarage) proba video,1500,0,1,Vaslui
1,Vând 4080 Super Rog Strix OC,6900,1,0,Slanic
1,Vand Placa video ASUS RX570 4Gb EXPEDITION,250,0,1,Cluj
0,Lot  placi video,190,1,1,Crang
0,Vând placa video GTX1060 și GTX107,500,1,1,Cluj
0,"Placa video Sapphire RX 470, 4GB, mining edition, 11256-35-10G",300,1,1,Suceava
0,"NVIDIA QUADRO M4000 8GB, pret 935 roni",935,0,1,Timisoara
0,Placa video retro ATI Mach64 PCI,70,1,1,Barlad
0,"NVIDIA Quadro K1200 4GB (128 Bit),",570,0,1,"Bucuresti, Sectorul 2"
0,Vand placa video Asus rtx 2060 super turbo 8 gb,1400,1,1,Focsani
0,RTX 3080TI Gainward Phoenix,2900,0,1,"Bucuresti, Sectorul 4"
1,CALCULATOR GAMING i5 16 GB RAM 750GB Placa VIDEO 8GB Garantie 12 Luni,1280,0,1,"Bucuresti, Sectorul 3"
1,"Placa Video Gigabite Geforce RTX 3060Ti 8Gb DDR6, 256-bit",1300,0,0,"Bucuresti, Sectorul 4"
1,Placa video RX 5600XT,600,1,1,Brasov
0,Placa video105,200,0,1,Pitesti
0,Placa video Gigabyte RTX 3060 12 gb ddr6 192 biti ca noua la cutie,1490,1,1,Deva
0,"Placa video PC nVidia QUADRO K5000 4GB 256Bit GDDR5 PCI-e x16,",375,0,1,Timisoara
0,RTX 3080ti PNY GeForce,2900,0,1,"Bucuresti, Sectorul 4"
0,Placa Video AMD RX 6600 XT Sapphire Pulse 8GB GDDR,6900,1,1,"Bucuresti, Sectorul 5"
0,GIGABYTE GeForce 9600 GT 512MB GDDR,360,1,1,Falticeni
0,RTX 3090 ZOTAC GeForce,3200,0,1,"Bucuresti, Sectorul 4"
0,"Placa video MSI AMD Radeon RX 6600 XT MECH 2X OC 8GB, GDDR6",1099,1,1,Bragadiru
0,"Placa video  PCI-E Sapphire Radeon HD 6950 , 2GB DDR5, 256 bit,HDMI",179,0,1,Resita
1,nVidia RTX 3060 Zotac,900,0,1,Timisoara
1,"Placa video Gaming ASUS nvidia GeForce 1050 , 2GB GDDR5 128 Bit GDDR",5250,0,1,"Bucuresti, Sectorul 3"
0,RTX 3080 Asus Blower,1800,0,1,"Bucuresti, Sectorul 4"
0,Vand/Schimb Placa Video GTX 1060 6GB GIGABYTE,450,0,1,Poiana Stampei
0,RTX 3070ti ZOTAC GeForce,1600,0,1,"Bucuresti, Sectorul 4"
0,vand/schimb placa video 3060 ti,1349,0,1,Baceni
0,Placa Nvidia GTX Turbo 1060 ti 6GB,500,1,1,"Bucuresti, Sectorul 3"
0,Placa video r7 240 1GB,150,1,1,Iasi
0,Placa video gtx 1650 ddr6 ventus 4 gb,400,0,1,Preajba Mare
0,RTX 3080 12GB 2 ani garanție,4000,1,1,Cluj
0,Sapphire rx570 4gb games,225,1,1,Topraisar
0,"Placa video NVIDIA GTX 1050 Gaming X 2GB, RTX 3050 8GB Noua Sigilata",400,0,0,"Bucuresti, Sectorul 2"
1,"AMD ASUS RX 7600 Dual, OC, 8GB, Garanție Emag 3 ani",999,0,0,Cluj
1,Vand materiale pentru containere modulare,250,0,0,Piatra Neamt
1,Placa video Radeon RX 7900 GRE 16GB Powerrcolor Hellhound,2300,0,0,"Bucuresti, Sectorul 4"
0,"Placa video Asus NVIDIA GeForce RTX 3060 Ti 8 GB GDDR6X, SSD 1TB Nvme",1500,0,0,"Bucuresti, Sectorul 2"
0,Gaming STRIX i7 gen 13 -RTX 4060 140W - Gsync NOU,5500,0,0,"Bucuresti, Sectorul 1"
0,"GoPro Hero + Pachet vlogging full accesorii, microfon, placa sunet",1400,0,0,Constanta
0,Salvează căutareaTe anunțăm oricând apar anunțuri noi.SalveazăPlaca video evga gtx 1650 4g,550,0,1,Drobeta
0,Placă video Asus Phoenix Nvidia GTX 1650 4GB GDDR,5500,1,1,Topoloveni
0,Placa video quadro400,100,0,1,Brasov
0,"Placa video SAPPHIRE Radeon RX 480 NITRO OC, 8GB GDDR5, 256-bit",350,1,1,"Bucuresti, Sectorul 3"
0,Vand/Schimb Rtx 4070 Gigabyte Gaming Oc,2800,0,1,Iasi
1,RTX 3060 12GB de la Asus noua sigilata,1350,1,0,Suceava
1,"Placa Video Gigabite Geforce RTX 3060Ti 8Gb DDR6, 256-bit",1300,0,0,"Bucuresti, Sectorul 4"
1,Placa video PowerColor Radeon RX 6900 XT 16GB GDDR6 256-bit,2000,0,1,"Bucuresti, Sectorul 2"
0,"Placa video ASUS Dual RTX 3060 Ti V2 Mini OC Edition 8GB GDDR6, 256bit",1199,0,1,Lipovat
0,Placa video Sapphire Radeon RX550 Hackintosh macOS,270,1,1,"Bucuresti, Sectorul 4"
0,Msi Rtx 4070 ventus 12gb,2950,1,1,"Bucuresti, Sectorul 2"
0,Vând placa video 1 GB.,65,0,1,"Bucuresti, Sectorul 3"
0,Placa video ASUS TUF Gaming RTX 3070 Ti de 8GB GDDR6X 256 bit,2600,0,1,Iasi
0,Placa Video MSI nVidia RTX 4070 Gaming X Trio,2500,1,1,Brasov
0,Placă video GeForce MX4408X DDR 64MB AGPX8 Low Profile TvOut,19,1,1,Galati
0,Placa video GTX95,199,0,1,Targoviste
1,Placa video Inno3D GeForce RTX 4090 iCHILL X3 24GB GDDR6X,7000,0,1,Timisoara
1,Placa video Sapphire Nitro+ Radeon RX 570 8GB GDDR5 Garantie 6 Luni,450,0,1,"Bucuresti, Sectorul 3"
1,"Placa video Gaming ASUS nvidia GeForce 1050 , 2GB GDDR5 128 Bit GDDR",5250,0,1,"Bucuresti, Sectorul 3"
0,Placa video Geforce 1060 6gb,450,1,1,Buzau
0,Placa video 9800 gt,50,0,1,Lunca Cetatuii
0,RTX 3090 24Gb (Garantie) - placa video MSI Trio X 384-Bit,3500,0,0,Sibiu
0,RTX 3060 12Gb (Noua + Garantie) - Gigabyte VISION,1200,0,0,Sibiu
0,Placa video profesionala Nvidia Quadro P620 2 GB memorie,250,0,1,"Bucuresti, Sectorul 3"
0,Placa video rx 580 8gb,300,0,1,Pitesti
0,Placa video 1 GB DDR,350,0,1,"Bucuresti, Sectorul 4"
0,Placa video ASUS GeForce 210 Silent 1GB GDDR3 64bit,50,0,1,"Bucuresti, Sectorul 4"
0,Placa video ASUS Radeon R7 250 1GB GDDR5 128-bit,100,1,1,Vaslui
0,Placa video Palit GeForce GTX 760 JetStream 2GB GDDR5 256-bit,230,0,1,"Bucuresti, Sectorul 4"
1,Gigabyte GTX 1080 ti Waterforce WB Extreme Edition 11G Aorus,2000,1,0,Runcu
1,Placa Video nVidia Quadro NVS 510 2GB DDR3 128 bit HDMI,100,0,1,"Bucuresti, Sectorul 3"
1,Placa Video Palit GeForce RTX 3080 10gb,2000,0,1,"Bucuresti, Sectorul 4"
0,Placa Video GigaByte GeForce GT7,3099,0,1,Sibiu
0,Cooler procesor S360 Sapphire nitro AIO argb,370,0,1,Brasov
0,Placa video AMD Radeon ddr,5150,0,1,Baia Mare
0,Placa video ASUS GeForce GTX 1070 DUAL OC 8GB GDDR5 /256 biti,800,0,1,Iasi
0,Placa Video nVIDIA RTX 3070 Founders Edition 8Gb,1600,0,1,"Bucuresti, Sectorul 2"
0,Placa video Gainward GeForce RTX 3060 Ti Ghost LHR 8GB GDDR6 256-bit,1900,1,1,Zalau
0,Adaptor DVI - D Graphics-SI,50,0,1,"Bucuresti, Sectorul 2"
0,Vand placa video Nvidia gtx 1660ti,500,0,1,Rasinari
0,Evga GTX 780 ti Super Clocked,320,1,1,Ramnicu Valcea
0,Placa video GTX106,700,1,1,Braila
1,"Placa Video Gigabite Geforce RTX 3060Ti 8Gb DDR6, 256-bit",1300,0,0,"Bucuresti, Sectorul 4"
1,nVidia RTX 3060 Zotac,900,0,1,Timisoara
1,Placa video Palit GeForce® RTX3070 GameRock,1600,1,1,"Bucuresti, Sectorul 5"
0,Placa video Asus,20,0,1,"Bucuresti, Sectorul 4"
0,"Placa video EVGA Nvidia GeForce GTX 1080 Ti SC2 11GB GDDR5, 352 Bit",1150,0,1,Mosnita Noua
0,Placa Video PCI-Epress Amd Radeon HD 5450 511 Mb,80,0,1,Focsani
0,Salvează căutareaTe anunțăm oricând apar anunțuri noi.SalveazăPlaca Video PCI-Epress Ati Radeon HD 2400 PRO 256 Mb,80,0,1,Focsani
0,Placa Video ASUS GTX660 2GB 192-Bit GDDR5 PCI Express 3.0 x1,6250,0,1,Oradea
0,GTX 750 Ti placa video,100,0,1,Pecica
0,"Placa Video Saphire nitro plus rx 570 de 8 gb ddr5 /256 biti , ca noua",499,0,1,Iasi
0,Placa video rx 6500 xt,550,0,1,Resita
0,Placa video ATI Radeon HD385,150,1,0,Vernesti
0,"RX5604GB folosit doar pentru jocuri video, perfect functionala",280,1,1,Berceni
1,"AMD ASUS RX 7600 Dual, OC, 8GB, Garanție Emag 3 ani",999,0,0,Cluj
1,Placa video Palit GTX 1660 Ti StormX 6GB DDR,6700,1,1,Vaslui
1,RTX 3060 12GB de la Asus noua sigilata,1350,1,0,Suceava
0,Placă video MSI NX8500GT-TD256EH/D,250,0,1,"Bucuresti, Sectorul 5"
0,"Placa video Sapphire Radeon RX 580 NITRO+, 4GB GDDR5, 256-bit",450,0,1,"Bucuresti, Sectorul 6"
0,Placa video MSI GTX 560 TI Twin Frozr II OC,110,0,1,Alba Iulia
0,Rx 560 xt Elsa ddr,5320,1,0,Cehu Silvaniei
0,Vand placa video Gigabyte 1050 TI 4GB,450,0,1,Mangalia
0,Placa video Rx 580 SAPPHIRE NITRO+ 4GB,400,1,1,Moara Vlasiei
0,"Placă video RX 6650 XT, 8 gb ,128-bit",1500,1,0,Targu
0,"Placa video Gigabyte GeForce® GTX 1050 Ti OC, 4GB GDDR5, 128-bit",400,1,1,Timisoara
0,Placa video Radeon Saphire RX55,350,1,0,Craiova
1,Placa Video Palit GeForce RTX 3080 10gb,2000,0,1,"Bucuresti, Sectorul 4"
1,Placa video PowerColor Radeon RX 6900 XT 16GB GDDR6 256-bit,2000,0,1,"Bucuresti, Sectorul 2"
1,"Placa Video Gigabyte 4070 super  windforce, oc edition, sigilata",3000,0,0,Constanta
0,Placa Video MSI GeForce GTX N65,100,0,1,Valea Ursului
0,Placa video ASUS GeForce GTX 1650 SUPER TUF Gaming 4GB GDDR6 128-bit,800,1,1,Drobeta
0,Placa video GIGABYTE GeForce GTX 1050 Ti OC 4GB DDR5 128-bit,450,1,1,Iasi
0,Vând Placa Video Asus GeForce GTX 1050 Ti 4GB,200,0,1,"Ilfov, Voluntari"
0,"Vand Placa Video GeForce® GTX 1660 SUPER™, 6GB GDDR6, 192-bit",699,1,1,"Bucuresti, Sectorul 2"
0,Placa video Asus Radeon RX580 - DUAL,999,1,1,"Bucuresti, Sectorul 4"
0,Placa video GT 1030 2GB,200,1,1,Galati
0,Placa video RX 560 4Gb Asus Strix,250,1,1,Pascani
0,Placa Video PNY GeForce GTX 275 896MB GDDR3 448-bit,220,0,1,Craiova
1,Gigabyte GTX 1080 ti Waterforce WB Extreme Edition 11G Aorus,2000,1,0,Runcu
1,Placa video nVidia Quadro K200,160,0,1,Timisoara
0,Placa video Nvidia GT 720 2Gb DDR3 HDMI,120,0,1,Buzau
0,Placi video AGP si PCi-EX. mai vechi,30,0,1,"Bucuresti, Sectorul 6"
0,Lot Placi video HD 6870 HD 7770 HD 4870 DEFECTE,100,0,1,Buzau
0,Retro/vintage Placa video ATI HD3450 - carcase desktop SFF,75,0,1,Craiova
0,"Placa video Gigabyte Radeon™ RX 5700 XT GAMING OC, 8GB GDDR6, 256-bit",750,0,1,Fetesti
0,Vand placa video GIGABYTE GeForce® GTX 980 Ti G1 - 6GB GDDR,5950,0,1,Timisoara
0,Vand placa video gtx 1660 super,800,0,1,Craiova
0,Placa PELADN RTX 2070 Super 8gb gddr6 256-bit NOUA,1700,0,0,"Bucuresti, Sectorul 3"
0,VAND Placa video GIGABYTE RTX 3060 Ti Gaming OC,1200,0,1,"Bucuresti, Sectorul 1"
0,Placa video XFX AMD Radeon RX 6750 XT SPEEDSTER 12GB GDDR6 192bit,1500,0,1,Satu Mare
1,nVidia RTX A2000 6GB - placa video profesionala noua SFF low profile,1100,0,0,Corbeanca
1,Placa video RTX 4070 OC  12GB  Garantie,2299,0,1,"Bucuresti, Sectorul 4"
1,Placa video Sapphire Nitro+ Radeon RX 570 8GB GDDR5 Garantie 6 Luni,450,0,1,"Bucuresti, Sectorul 3"
0,Placa PELADN RTX 2070 8gb gddr6 256-bit NOUA,1600,1,0,"Bucuresti, Sectorul 3"
0,Asus nVidia GeForce RTX 4090 TUF 24GB GDDR6X 384bit,7300,1,0,Targoviste
0,Gigabyte GeForce RTX 2060 Super 8GB,900,0,1,Paleu
0,Salvează căutareaTe anunțăm oricând apar anunțuri noi.SalveazăGeForce® GTX 1060 G1 Gaming 6G,550,0,1,Constanta
0,Sapphire Radeon HD 6450 2GB,100,0,1,"Bucuresti, Sectorul 3"
0,Placa video RX 580 XFX 8GB,490,0,1,Gheorgheni
0,Placa Video RTX 3070 Ti Sigiliu MSI Ventus 3X 8GB Gaming,1700,0,0,"Bucuresti, Sectorul 6"
0,Placa video RX 480 8GB  Sapphire Nitro OC,480,1,1,Gheorgheni
0,Placi video Quadro k420 2Gb,130,0,1,Valea Lupului
0,"Unitate Gaming Lenovo Legion i7 8700 ,GTX 1050Ti, GARANTIE EMAG",3000,0,1,Iasi
1,GIGABYTE AORUS GeForce RTX 3060 Ti Elite lhr 8GB gddr6 256-bit,1399,0,1,Pitesti
1,Placa video RX 570 Gaming  NITRO+  8 GB GDDR5 256-bit Garantie 6 Luni,450,0,1,"Bucuresti, Sectorul 3"
1,Gigabyte GeForce GTX 1060 WINDFORCE OC 6GB,380,1,1,Alexandru cel Bun
0,Placa video ASUS nVidia GeForce GTX TITAN X 12GB GDDR5 384-bit,600,0,1,"Bucuresti, Sectorul 4"
0,Placa de video Gtx,530,0,1,Carei
0,Placa Video Radeon R9 370 4GB GDDR5 256 bit,700,1,1,Negresti
0,Placa Video Sapphire Radeon RX 6400 Pulse Gaming,700,1,1,Pui
0,Vand placa video Sapphire Radeon HD 7750 2GB,130,1,1,Zavoi
0,AMD Radeon rx47,500,1,1,Sarbi
0,Nvidia GTX 1660 Super,1000,1,1,Targoviste
0,Placa video Nvidia GeForce GT 1030 TI,600,0,0,Margaritesti
0,Placă video Gtx1050ti 4gb,220,0,1,Oradea
0,Placa video GIGABYTE GeForce RTX 3080 Ti GAMING OC 12GB GDDR6X,2700,1,1,Iasi
1,nVidia RTX 3060 Zotac,900,0,1,Timisoara
1,"AMD ASUS RX 7600 Dual, OC, 8GB, Garanție Emag 3 ani",999,0,0,Cluj
1,Placa video PowerColor Radeon RX 6900 XT 16GB GDDR6 256-bit,2000,0,1,"Bucuresti, Sectorul 2"
0,Nvidia GTX 1060 3GB,290,1,1,Dumbravita
0,Placa video ASUS GeForce RTX 3080 ROG STRIX White 10GB GDDR6X,2700,1,1,Iasi
0,Vând placa video Nvidia  GTX 1660 Ti 6gb,950,0,1,Constanta
0,Vând placa video R9 380 4Gb,300,1,1,"Bucuresti, Sectorul 5"
0,Placa video Gigabyte nVidia GeForce RTX 3070 Vision OC 8GB,1650,1,1,Iasi
0,Placa video Gainward Phoenix GS RTX 3070 8 Gb,1500,1,1,"Bucuresti, Sectorul 3"
0,Placa video Gigabyte nVidia RTX 3070 AORUS MASTER OC 8GB,1650,1,1,Iasi
0,Placa video GIGABYTE nVidia GeForce RTX 3070 EAGLE OC 8GB,1650,1,1,Iasi
0,Radeon amd xfx r9 270x,230,1,1,Hunedoara
0,Placa video ASUS GeForce GTX 950 Mini 2GB GDDR,5180,0,1,Oradea
1,Placa video Inno3D GeForce RTX 4090 iCHILL X3 24GB GDDR6X,7000,0,1,Timisoara
1,Vand materiale pentru containere modulare,250,0,0,Piatra Neamt
1,Placa video Palit GTX 1660 Ti StormX 6GB DDR,6700,1,1,Vaslui
0,Placa video MSI GeForce GTX 980 GAMING 4GB GDDR5 256-bit,380,0,1,Oradea
0,Sapphire RX 470 8GB / 256 biti,360,1,1,"Bucuresti, Sectorul 3"
0,Placa video KFA2 GTX1650 EX - 1click OC 4GB GDDR6 128bit,550,1,1,Alexandria
0,"Palit GeForce RTX 3070 GamingPro OC, 8GB",1490,0,1,"Bucuresti, Sectorul 4"
0,Placa Video Gainward Ghost d6 GTX 1650 GDDR,6300,0,1,Aiud
0,Placa video AMD RADEON PULSE RX 550 2GB DDR,5250,1,1,Satu Mare
0,Placa video ASUS AMD HD6870 1gb ddr5  256bit,150,0,1,Ploiesti
0,Placa video GTX 750TI,150,0,1,Tunari
0,Placa video 8gb RX 580 XFX in stare foarte buna,290,0,1,"Bucuresti, Sectorul 1"
0,Placi video GEFORCE GT8600 256MB + cablu SLI,100,1,1,Craiova
1,Gigabyte GeForce GTX 1060 WINDFORCE OC 6GB,380,1,1,Alexandru cel Bun
1,Vand Placa video ASUS RX570 4Gb EXPEDITION,250,0,1,Cluj
1,CALCULATOR GAMING i5 16 GB RAM 750GB Placa VIDEO 8GB Garantie 12 Luni,1280,0,1,"Bucuresti, Sectorul 3"
0,Placa Video ASUS ROG Matrix HD797,250,1,1,"Bucuresti, Sectorul 4"
0,Placa video AMD Radeon HD 5770 1GB OEM GDDR5 256bit,250,1,1,Galati
0,Salvează căutareaTe anunțăm oricând apar anunțuri noi.SalveazăPlaca video Radeon [TM] RX47,450,1,1,Oradea
0,placa video gtx107,600,0,1,Drobeta
0,Placa video vapor x HD575,100,0,1,Curtici
0,AMD Msi RX6500XT Mech2X FullBox,499,0,1,Otopeni
0,"GeForce GT 710, 2GB GDDR3, 64-bit",50,1,1,Valea Lupului
0,Vand Placa Video NVIDIA Geforce GT 625 2GB - Fara Defecte,100,1,1,"Bucuresti, Sectorul 2"
0,Vand Placa Video RX6600 XFX,700,0,1,Craiova
1,nVidia RTX A2000 6GB - placa video profesionala noua SFF low profile,1100,0,0,Corbeanca
1,XFX AMD Radeon™ RX 580 GTS XXX Edition 8GB,745,0,0,"Bucuresti, Sectorul 3"
1,"Placa Video Gigabite Geforce RTX 3060Ti 8Gb DDR6, 256-bit",1300,0,0,"Bucuresti, Sectorul 4"
0,Placa Video Asus RX460 4Gb,320,0,1,"Bucuresti, Sectorul 6"
0,placa video rx 6700 sappihre si monitor benq 25 inch gaming mobibuz,1200,0,0,Buzau
0,Placa video MSI Radeon RX 6950 XT GAMING X TRIO 16GB GDDR6 256-bit,2600,0,0,Dragasani
0,Defect! Pentru reparatii/piese! Placa video  R9 280X DC,240,0,1,Baia Mare
0,Placa video AMD Radeon rx6600xt Challenger Pro Oc 8gb,900,0,1,Iasi
0,Gigabyte GeForce Gtx 1070 8GB,550,0,1,Gornesti
0,Placi video rtx nvidia Evga RTX 3070 XC3 ultra gigabite msi etc,1420,0,1,"Bucuresti, Sectorul 6"
0,Vând placa video,100,0,0,Cotusca
0,Placa Video Gtx 750 Ti OC Strix 2Gb,170,0,1,Bolintin
0,RTX 2070 SUPER 8GB 256 BIT,900,0,1,Bacau
1,Placa video Inno3D GeForce RTX 4090 iCHILL X3 24GB GDDR6X,7000,0,1,Timisoara
1,HP nVidia Quadro 2000 PROFESIONALA 1 GB DDR5/128bit PCI-E x,1675,0,1,Bistrita
0,Gtx 1060 6GB 192bit DDR,5450,1,1,Resita
0,Placa video Inno3D GeForce RTX 2060 Twin X2 6GB GDDR6 192-bit,1000,0,1,"Bucuresti, Sectorul 6"
0,Placi video 2 gb,100,1,1,Arad
0,Placa video Sapphire Radeon RX 6600 PULSE 8GB GDDR6 128-bit,1000,0,1,Popesti
0,Placa Video AMD R7 240 plus ram cadou Retro Gaming,190,1,1,Vidra
0,Vand radeon rx57,400,0,1,Oradea
0,Placa video AMD  RX 6800 SAPPHIRE PULSE 16 GB,1500,0,1,Topoloveni
0,Placa video MSI RX 6600 XT MECH OC 8GB GDDR6 128bit,850,0,1,Constanta
1,Placa Video nVidia Quadro NVS 510 2GB DDR3 128 bit HDMI,100,0,1,"Bucuresti, Sectorul 3"
1,Placa video Sapphire Radeon RX 7700 XT Pulse,1899,0,1,Targu Neamt
1,Placa video nVidia Quadro K200,160,0,1,Timisoara
0,Placa video XFX AMD Radeon RX 580 8GB ram oarecum defecta.,225,1,1,Constanta
0,Placa video GT 1030 2gb Vram,300,1,0,Alba Iulia
0,Vând 3 x 3090 RTX1,1000,1,1,Pascani
0,gigabyte gtx 670 2giga ddr5 256 biti,190,0,1,Bacau
0,Placa Video 1050 - ti,300,1,1,Arad
0,Vand placa video laptop NVIDIA QUADRO K1100M,400,0,1,Floresti
0,Placa Video GTX165,500,1,1,Matca
0,Placa video Gainward GeForce 210 1GB DDR2 128-bit,60,0,1,"Bucuresti, Sectorul 2"
0,"Vand AMD R9 370 4GB, 256BIT",300,1,1,Jimbolia
0,Placa video RX 6900XT 16Gb,2650,0,1,Sannicolau Mare
1,RTX 3060 12GB de la Asus noua sigilata,1350,1,0,Suceava
1,Vând 4080 Super Rog Strix OC,6900,1,0,Slanic
1,Placa video Palit GeForce® RTX3070 GameRock,1600,1,1,"Bucuresti, Sectorul 5"
0,"Placa video XFX Radeon RX 570 , 8GB, 256-bit",450,0,1,Timisoara
0,Vand placa video gigabyte,120,0,1,Mioveni
0,EVGA RTX 3080 FTW3 ULTRA (placa video),2299,0,1,Brasov
0,Salvează căutareaTe anunțăm oricând apar anunțuri noi.SalveazăPlaca video Amd R9 270x 2gb 256bit,200,0,1,Gemenea
0,"Placa video,stare buna",900,0,1,Pitesti
0,Placa Video Gtx 1060 3Gb,375,0,1,Suceava
0,Placa video PowerColor PCS+ HD 7770 1GB DDR,5100,0,1,Oradea
0,Placa video RX 5700 XT Pulse Best Edition / 8GB GDDR,6950,1,1,"Bucuresti, Sectorul 3"
0,Placa video grafica CAD Quadro 600 k600 2000 k620 K2200 2Gb 4Gb DDR,570,0,1,Buzau
0,Asus GTX 770 DirectCU II,275,0,1,Craiova
1,Placa video PowerColor Radeon RX 6900 XT 16GB GDDR6 256-bit,2000,0,1,"Bucuresti, Sectorul 2"
1,HP nVidia Quadro 2000 PROFESIONALA 1 GB DDR5/128bit PCI-E x,1675,0,1,Bistrita
1,"Placa Video Gigabyte 4070 super  windforce, oc edition, sigilata",3000,0,0,Constanta
0,Placa Video Sapphire Pulse RX580 8Gb 256Bit,300,0,1,"Bucuresti, Sectorul 6"
0,Placi Video Gigabyte GeForce 210 1GB GDDR3 64-bit,50,1,1,Sebes
0,"Placa video Asus nVidia GeForce 9500GT, 512mb, DDR2, 128bit, HDM",59,1,1,Sebes
0,Placa video ASUS GTX 970 STRIX OC 4GB,300,0,1,Tulcea
0,Placa video Asus Dual Radeon RX56,500,0,0,Targoviste
0,"Placa video ASUS GeForce® GTX 750 Ti, 2GB GDDR5, 128-bit",300,0,1,"Bucuresti, Sectorul 2"
0,"Placa Video Sapphire Nitro , Radeon RX 6900XT de  16gb GDDR6",2100,0,1,Iasi
0,Placa video MSI RTX 4070 GAMING X SLIM 12GB GDDR6X 192-bit DLSS 3.,2450,1,0,"Bucuresti, Sectorul 5"
0,NVIDIA Quadro K420,550,0,1,Iasi
0,"Placa video Gigabyte AORUS gtx 1080TI XTREME, 11 GB GDDR5X, 384-bit",1200,0,1,Iasi
1,Placa Video Palit GeForce RTX 3080 10gb,2000,0,1,"Bucuresti, Sectorul 4"
1,"AMD ASUS RX 7600 Dual, OC, 8GB, Garanție Emag 3 ani",999,0,0,Cluj
1,Placa video Sapphire Radeon RX 7700 XT Pulse,1899,0,1,Targu Neamt
0,Gigabyte RTX 4070 Ti EAGLE OC 12GB +(optional) sistem ryzen 2700x/32gb,4000,0,1,Targoviste
0,placa video retro 3dfx Voodoo 3 2000 AGP 16MB,299,0,1,Cluj
0,Placa video Gaming msi Ventus rtx 3070ti de 8 gb ddr6/256 biti,1850,0,1,Iasi
0,Placa video Gtx 1660TI,600,0,1,Uricani
0,Radeon RX 470 Nitro OC 4GB GDDR,5300,1,1,Cluj
0,"Placa video Sapphire Radeon VII de 16GB ddr6, 4096-bit , ca noua",1400,0,1,Iasi
0,Placa Video Asus  TUF RX 6800 XT Gaming OC 16GB - garantie 13.11.2025,2800,1,1,Sibiu
0,Nvidia  GTX 1070 gainward 8 gb gddr,5700,0,1,Cluj
0,"Placa video cu GARANTIE ASUS DUAL GeForce GTX 1660 SUPER, 6GB GDDR",6800,0,1,Cugir
1,Placa Video nVidia Quadro NVS 510 2GB DDR3 128 bit HDMI,100,0,1,"Bucuresti, Sectorul 3"
1,Placa video ASUS ROG Strix GeForce RTX 3070 TI OC Edition aproape nou,1750,0,1,Targu Jiu
1,Vand Placa video ASUS RX570 4Gb EXPEDITION,250,0,1,Cluj
0,"Placa video cu GARANTIE ASUS DUAL GeForce GTX 1660 SUPER, 6GB GDDR",6800,0,1,Timisoara
0,Gtx 970 4GB Asus,450,1,1,Timisoara
0,Placa video MSI GeForce RTX 2070 GAMING Z,1000,1,1,Sibiu
0,placa video gt71,220,0,1,Pascani
0,placa video gtx 550 ti,150,0,1,Pascani
0,Vând placa video,620,1,1,Galati
0,Placa video XFX RADEON RX460 ca noua,200,0,0,"Bucuresti, Sectorul 4"
0,Asus gtx 1060 3 gb,498,1,1,Targu
0,"Nvidia Asus GeForce GTX 970 Strix 4Gb, 256 biti",250,0,1,Vlahita
0,Placa video gtx 1060 3 gb,498,1,1,Targu
1,Placa video  MSI RTX 3080Ti X Trio,3180,1,1,Alexandru cel Bun
1,"Placa Video Gigabite Geforce RTX 3060Ti 8Gb DDR6, 256-bit",1300,0,0,"Bucuresti, Sectorul 4"
1,"Placa Video Gigabyte 4070 super  windforce, oc edition, sigilata",3000,0,0,Constanta
0,Placa Video Profesionala Quadro FX 4600 768 MB GDDR,3199,0,1,Focsani
0,Placa Video PCI GV-N94T-512I In Cutie,100,0,1,Focsani
0,Vand placa video Nvidia Gtx 650ti Sparkle,180,1,1,Galati
0,Salvează căutareaTe anunțăm oricând apar anunțuri noi.SalveazăPlaca Video PCI-Epress WinFast PX8500 GT TDH 512 Mb,80,0,1,Focsani
0,Placa video RTX 3080TI,3250,0,1,Lugoj
0,Assus rog strix 1080ti vând sau schimb,1000,0,1,Alba Iulia
0,Placa video Nvidia Rtx 3070 Gigabyte,2000,0,1,"Bucuresti, Sectorul 4"
0,Placa video rx47,400,0,1,Brasov
1,Placa video RX 570 Gaming  NITRO+  8 GB GDDR5 256-bit Garantie 6 Luni,450,0,1,"Bucuresti, Sectorul 3"
1,Placa video Palit GTX 1660 Ti StormX 6GB DDR,6700,1,1,Vaslui
0,GeForce 9800GT Gainward,50,0,1,Rosu
0,"Calculator gaming , i9 11900k , 32 gb ram , 6900xt de 16 gb",5500,0,0,Iasi
0,Sapphire AMD Radeon Nitro+ RX 7900 XT 20 GB,3800,0,1,"Bucuresti, Sectorul 3"
0,Vand Amd Firepro W7150X2 16Gb,2100,1,1,Facai
0,Placă video Gigabyte Aorus Master RTX 3070 8GB,2000,0,1,Ineu
0,placa video de gaming radeon rx580 nitro 8gb ( neminat ),650,1,0,"Bucuresti, Sectorul 1"
0,GIGABYTE GV-R927XOC-2GD Radeon R9 270X 2GB,100,0,1,Medias
0,"Placa video , AMD Radeon R9 280X GPU",500,0,1,Rasnov
0,ASUS Dual GeForce® GTX 1660 SUPER™ OC Edition 6GB GDDR6 EVO,799,0,1,Oradea
0,Gtx 750 ti pt calculator,250,1,1,Constanta
1,Gigabyte GTX 1080 ti Waterforce WB Extreme Edition 11G Aorus,2000,1,0,Runcu
1,Vând 4080 Super Rog Strix OC,6900,1,0,Slanic
1,Placa video Sapphire RX 6600 GAMING 8GB GDDR6 ca noua﻿ garantie 3 luni,875,0,1,"Bucuresti, Sectorul 6"
0,"Pc Modelare 3g, workstation , editare cu i9 9900k , nvidia 8 gb/256bit",3800,0,0,Iasi
0,Vând Placa Video,600,1,1,Dosu Bricii
0,placa video Radeon RX470OC 4Gb,300,1,1,Calarasi
0,Vând Placa Video NVIDIA DDR,250,0,1,"Bucuresti, Sectorul 4"
0,Gigabyte 3090 turbo 24 gb Gddr6 384 biti,3500,1,1,Pitesti
0,Vand placa video asus gtx 1080ti 11gb,1100,1,1,Constanta
0,Placa Video:AMD Rx5500Xt,300,0,1,Sibiu
0,"Placa video  NVIDIA GeForce GTX 1060 G1 GAMING, 6GB GDDR5, 192bit",499,1,1,Slatina
0,Placa video Rx 5700XT,1000,1,1,Motru
0,Nvidia Quadro P60,220,0,1,"Bucuresti, Sectorul 1"
1,Placa video Gigabyte GeForce RTX 3080 Ti Gaming OC N308TGAMING OC-12G,2800,0,1,"Bucuresti, Sectorul 3"
1,XFX AMD Radeon™ RX 580 GTS XXX Edition 8GB,745,0,0,"Bucuresti, Sectorul 3"
1,Placa Video Gigabyte RTX 4060Ti Eagle 8GB GDDR6 SIGILATA,1900,0,0,Iasi
0,Rig Mining 6xSapphire RX 470 4GB,1500,0,1,"Bucuresti, Sectorul 6"
0,vand placa video CALCULATOR,350,1,1,Arad
0,Placa video gaming și sursă alimentare,450,1,1,Brasov
0,Placa video Gtx 650Ti 1Gb,120,0,1,Orastie
0,Palit Nvidia RTX3070 8GB,1700,0,1,Roman
0,Placa video HD 6970 2Gb,180,0,1,Orastie
0,Vând placa video Saphire de 512MB,60,1,1,"Bucuresti, Sectorul 6"
0,Placa Video Sapphire RX 580 8GB Nitro Full box,300,0,1,"Bucuresti, Sectorul 6"
0,Placa Video Sapphire RX 580 8GB Special Edition,300,0,1,"Bucuresti, Sectorul 6"
1,XFX AMD Radeon™ RX 580 GTS XXX Edition 8GB,745,0,0,"Bucuresti, Sectorul 3"
1,Placa video Sapphire Nitro+ Radeon RX 570 8GB GDDR5 Garantie 6 Luni,450,0,1,"Bucuresti, Sectorul 3"
0,Placa video de colectie - Diamond Viper V330 nVIDIA Riva 128 PCI,350,0,1,Brasov
0,KFA2 GeForce RTX™ 3090 EX Gamer,4000,1,1,Targoviste
0,Placa video MSI GT 730 2gb,250,1,1,Babeni
0,Salvează căutareaTe anunțăm oricând apar anunțuri noi.SalveazăGIGABYTE GeForce GTX 750 OC 1GB GDDR5 128-bit,150,1,1,Brasov
0,nVidia GeForce 9500 GT 256MB DVI HDMI PCI-Express x16 Legacy,119,0,1,"Bucuresti, Sectorul 2"
0,Gigabyte GeForce GTX 1060 MiniITX 6GB GDDR,5500,0,1,Brasov
0,Vand Rx6600 Powercolor Hellhound cu factura si garantie,850,1,1,Runcu
0,Placa Video AORUS GeForce RTx 3080 MASTER 10G,2200,1,1,Timisoara
0,Placa video rtx a2000 gddr6 workstation,1200,0,1,Sibiu
0,GTX 760 Defecta 2GB OC,100,1,1,"Bucuresti, Sectorul 3"
1,nVidia RTX A2000 6GB - placa video profesionala noua SFF low profile,1100,0,0,Corbeanca
1,Placa video PowerColor Radeon RX 6900 XT 16GB GDDR6 256-bit,2000,0,1,"Bucuresti, Sectorul 2"
1,Placa video Palit GeForce® RTX3070 GameRock,1600,1,1,"Bucuresti, Sectorul 5"
0,Placa video PowerColor Radeon RX 6600 XT Fighter 8GB GDDR6 1‎28-bit,930,0,1,Timisoara
0,Placa Easycap captura video si audio cu usb si,448,0,0,"Bucuresti, Sectorul 3"
0,INNO3D iChill 1080ti 11gb,900,0,1,Valea Lupului
0,Placa video asus tuf rx 6800 16gb,1850,0,1,Bistrita
0,Placa video GeForce. Gtx 1650 Gigabite  4 GB.Gddr,6580,1,1,Popoveni
0,Placa video GeForce GTX 750Ti,200,0,1,Ramnicu Sarat
0,Placa video Gaming VERTO™ EPIC-X RGB PNY RTX 4060 Ti 16GDDR6,1799,0,0,"Bucuresti, Sectorul 1"
0,Placa video sapphire,300,1,1,Sanmartin
0,Placa Video RTX 3070 Ti Asus TUF Sigiliu 8GB Gaming RGB,1800,0,1,"Bucuresti, Sectorul 6"
0,Rtx 3080 ichil4x,2300,1,1,Iasi
1,Placa video RX 570 Gaming  NITRO+  8 GB GDDR5 256-bit Garantie 6 Luni,450,0,1,"Bucuresti, Sectorul 3"
1,Vand materiale pentru containere modulare,250,0,0,Piatra Neamt
1,Placa video nVidia Quadro K200,160,0,1,Timisoara
0,Nvidia Quadro K420 2GB,100,0,1,Timisoara
0,"AMD XFX RADEON RX 480 8gb GDDR5,256bit",1000,0,1,"Bucuresti, Sectorul 3"
0,Water block racire pe apa MSI GTX 1060/1070/1080 (TI) Bykski RGB,100,0,1,Brasov
0,Vand placa video RX 6650 XT,1199,1,1,Cluj
0,Placa video Evga xc3 ultra 8gb,1500,0,1,Braila
0,Evga xc3 ultra RTX 3070 8GB,1500,0,1,Braila
0,"Placa video ASUS ROG Strix  RTX 3080, 12GB GDDR6X, garantie , ca noua",2900,1,1,Iasi
0,Placa video PowerColor Radeon RX 6900 XT Red Devil 16GB GDDR6,2590,0,1,Cluj
0,Vand asus gtx1070ti,700,0,1,Tamaseu
0,Nvidia GeForce RTX2080 Super 8GB GDDR,6999,0,1,Ghinda
1,"Placa Video Gigabyte 4070 super  windforce, oc edition, sigilata",3000,0,0,Constanta
1,"Placa video Gaming ASUS nvidia GeForce 1050 , 2GB GDDR5 128 Bit GDDR",5250,0,1,"Bucuresti, Sectorul 3"
1,Placa Video Nvidia / AMD 1GB 64Bit DVI HDMI Multi View,60,0,1,"Bucuresti, Sectorul 3"
0,RTX 3070 Gainward Phoenix,1449,0,1,Iasi
0,Placa video MSI GeForce GTX 980 GAMING 4GB GDDR5 256-bit,350,1,1,Medias
0,Placa video MSI Radeon Rx 470 de 4GB,400,1,1,Iasi
0,Placa vidio de colecție ne mai fabricată  2gb ram,50,1,1,Viisoara
0,Placa video Sapphire AMD Radeon RX 6600 PULSE 8GB GDDR6 128-bit,780,0,1,"Bucuresti, Sectorul 6"
0,Placa Video Placa Video AMD Radeon68,5099,1,1,Targu Jiu
0,Vând placa video sapphire HD365,280,0,1,Nicolae Balcescu
0,"Placa video XFX Radeon™ RX 480, 8GB GDDR5, 256-bit",250,0,1,"Bucuresti, Sectorul 2"
0,Placa Video MSI GT103,400,0,0,Brasov
0,Placa video gtx 1050 2gb ddr,5330,0,1,Catamaresti
1,Placa Video Gigabyte RTX 4060Ti Eagle 8GB GDDR6 SIGILATA,1900,0,0,Iasi
1,Placa video Palit GeForce® RTX3070 GameRock,1600,1,1,"Bucuresti, Sectorul 5"
1,"Placa Video Gigabyte 4070 super  windforce, oc edition, sigilata",3000,0,0,Constanta
0,Placa video gtx 1050 2gb ddr,5330,0,1,Catamaresti
0,asus rog GTX 1660 SUPER  ca noua,800,0,1,Iasi
0,Placa Video Sparkle Intel Arc A580 ORC OC,750,0,0,Bacau
0,Salvează căutareaTe anunțăm oricând apar anunțuri noi.SalveazăPlaca video Sapphire ATI Radeon HD56,7050,0,1,Slatina
0,placa video zotac geforce rtx 4090 24gb gddr6x-384bit,7500,0,1,"Bucuresti, Sectorul 6"
0,AMD Radeon Sapphire RX47,250,0,1,Cluj
0,Placa video rx55,300,0,1,Valu lui Traian
0,Placa video GTX 1060 6gb,360,0,1,"Bucuresti, Sectorul 6"
0,ZOTAC Nvidia  GeForce RTX 3080Ti AMP Holo 12GB GDDR6X - se poate testa,2500,0,1,Deva
0,"Placa video Gaming AMD R9 280 OC,3G DDR5 384 bit",280,0,1,Buzau
1,CALCULATOR GAMING i5 16 GB RAM 750GB Placa VIDEO 8GB Garantie 12 Luni,1280,0,1,"Bucuresti, Sectorul 3"
1,Placa video Gigabyte GeForce RTX 3080 Ti Gaming OC N308TGAMING OC-12G,2800,0,1,"Bucuresti, Sectorul 3"
1,Placa Video Nvidia / AMD 1GB 64Bit DVI HDMI Multi View,60,0,1,"Bucuresti, Sectorul 3"
0,"unitate gaming cu placa video rtx 3070 de 8 gb , noua",4500,0,0,Iasi
0,"Placa video light gaming nvidia GT 730 OC 2G,DDR",3140,0,1,Buzau
0,"unitate   Gaming cu ryzen 7 3800x,  placa video  rtx 3060 de 12 gb",3910,0,0,Iasi
0,"Placa video SAPPHIRE Radeon™ R7 360 NITRO, 2GB GDDR5, 128-bit",200,0,1,Drobeta
0,Vând placa video Sapphire,950,1,1,Ineu
0,"Pc Gaming -editare video 4k cu i9 9900k , rtx 3060 de 12 gb ddr6",5500,0,0,Iasi
0,"Pc  editare foto, video 4k rtx 3060 de 12 gb ddr6 si  i9 10850k",5300,0,0,Iasi
0,Amd Radeon HD790,150,0,1,"Bucuresti, Sectorul 4"
0,Msi gtx 960 4g gaming,300,1,1,Focsani
0,Placa video AMD Radeon Vega 64 PowerColor 8GB,800,0,1,Targu Jiu
1,"Placa Video Gigabite Geforce RTX 3060Ti 8Gb DDR6, 256-bit",1300,0,0,"Bucuresti, Sectorul 4"
1,GIGABYTE AORUS GeForce RTX 3060 Ti Elite lhr 8GB gddr6 256-bit,1399,0,1,Pitesti
1,Gigabyte GTX 1080 ti Waterforce WB Extreme Edition 11G Aorus,2000,1,0,Runcu
0,Placa video RX570 shappire pulse,399,0,1,Timisoara
0,Placa video Amd Rx 580 8gb ddr 5 256 bit XFX GTS si Sapphire,350,0,1,"Bucuresti, Sectorul 4"
0,Vand placa video Nvidia Geforce 1050 Ti Gtx 4 GB DDRAM,5250,0,1,Drobeta
0,Placa video PC XFX AMD RADEON RX 470 8GB RX-470P85 VC.0 8GB GDDR525,6270,0,1,Galati
0,Vând Placa Video Gigabyte,300,1,1,"Bucuresti, Sectorul 5"
0,Placa Video GT64,100,0,1,"Bucuresti, Sectorul 5"
0,Placă Video MSI Ventus 3X GeForce RTX 3080 Ti,3780,0,1,Iasi
0,"Placa video Sapphire NITRO+ RADEON RX 580, 8GB GDDR5, 256-bit",270,1,1,Galati
0,Vând Placă video AsusNvidia Ge Force 9600GSO,60,0,1,Botosani
0,Vand ventilator placa video RX 570 ITX 4Gb,130,0,0,Timisoara
1,Placa video RX 5600XT,600,1,1,Brasov
1,Placa video RX 7900 XT PowerColor Hellhound 20GB GDDR6 noua,2850,1,0,"Bucuresti, Sectorul 5"
1,Placa video RTX 4070 OC  12GB  Garantie,2299,0,1,"Bucuresti, Sectorul 4"
0,Placa Video Ieftina cu HDMI PCI-Express PCIE Nvidia,30,0,1,Baia Mare
0,Placa video AMD Firepro S9150 16 Gb,250,0,1,Blaj
0,"AMD Radeon 6900XT 16GB VRAM, garantie",3499,0,1,Ploiesti
0,Placa Video MSI GeForce RTX 4070 Ti Super 16Gb Ventus 2X OC,3700,1,1,"Bucuresti, Sectorul 6"
0,Placă Video Nvidia GeForce RTX 3080 Ti,3400,0,1,Iasi
0,Placa video RTX 3060 OC,1100,1,1,Mangalia
0,MSI GeForce RTX 2060 VENTUS XS 6G OC 6GB GDDR6 192-bit,920,0,1,Sfantu Gheorghe
0,"Placa video GIGABYTE GeForce® GTX 1070 G1 Gaming, 8GB GDDR5, 256-bit",1000,1,1,"Bucuresti, Sectorul 2"
0,Placa video ASUS Dual GTX106,500,0,1,Malu Spart
1,Placa video  MSI RTX 3080Ti X Trio,3180,1,1,Alexandru cel Bun
1,nVidia RTX 3060 Zotac,900,0,1,Timisoara
1,Vând 4080 Super Rog Strix OC,6900,1,0,Slanic
0,MSI Aero GTX 1070 OC,550,0,1,Iasi
0,"Placa video ASUS ROG Strix Radeon RX 6600 XT, 8GB GDDR6, 128-bit",1000,0,1,"Bucuresti, Sectorul 4"
0,"Salvează căutareaTe anunțăm oricând apar anunțuri noi.SalveazăPlaca Video ASUS  RX480, 8GB, GDDR5, 256 bit",350,0,1,Oradea
0,ASRock Challenger Radeon RX 6650 XT 8GB,1000,0,1,Oglinzi
0,Suport placa video-GPU / NOU,30,0,0,Ploiesti
0,"Placa video SAPPHIRE Radeon™ R7 370 OC NITRO, 2GB GDDR5, 256-bit",200,0,1,"Bucuresti, Sectorul 6"
0,"Gigabyte GeForce GT 1030 Silent Low Profile, 2GB DDR5, 64-bit",149,0,1,Timisoara
1,Placa video Palit GeForce® RTX3070 GameRock,1600,1,1,"Bucuresti, Sectorul 5"
1,Placa Video Gigabyte RTX 4060Ti Eagle 8GB GDDR6 SIGILATA,1900,0,0,Iasi
1,RTX 3060 12GB de la Asus noua sigilata,1350,1,0,Suceava
0,Placa video NVidia NVS 300 512MB DDR3 64bit,30,0,1,Targu
0,Gigabyte GeForce RTX 3060 Ti EAGLE 8G (rev. 2.0),1400,0,1,Galati
0,Placa video Gigabyte GeForce GTX 1650 D6 WINDFORCE OC,400,0,1,Ploiesti
0,Vand Placa video Gigabyte 1050TI-OC 4GB,500,0,1,"Ilfov, Popesti"
0,Placa video GeForce GTX 750 4 GB,475,0,0,Bacau
0,Suport placa video GPU,25,0,0,"Bucuresti, Sectorul 4"
0,"Vand placa video Gainward GeForce RTX 4070Ti Phantom Reunion GS, 12GB",4000,1,1,"Bucuresti, Sectorul 1"
0,Placa video rtx 3070 Aorus Master display 8 gb 256 biti gddr6,1550,0,1,Sibiu
0,Placa video GIGABYTE GeForce GTX 980 Ti WindForce 3X 6GB GDDR,5570,0,1,"Bucuresti, Sectorul 1"
1,"Vand mining rig rx560, rx580 4g,8g saphire",4599,0,1,Alba Iulia
1,Placa video RX 570 Gaming  NITRO+  8 GB GDDR5 256-bit Garantie 6 Luni,450,0,1,"Bucuresti, Sectorul 3"
1,Vand Placa video ASUS RX570 4Gb EXPEDITION,250,0,1,Cluj
0,NVIDIA GeForce 9600 GT compatibila cu Apple Mac Pro 5.,1150,0,1,Iasi
0,Vând placa video gtx 1060 6gb Msi,1000,1,1,Sibiu
0,Placa video Radeon x300se 128mb v/v-o noua,90,0,0,"Bucuresti, Sectorul 3"
0,Placa video PowerColor Radeon HD5750 1024MB GDDR5 128bit HDMI DVI,200,0,1,"Bucuresti, Sectorul 6"
0,Placa Video Sapphire Radeon RX 7800 XT NITRO+ 16GB GDDR6 256-bit,2250,0,1,"Bucuresti, Sectorul 5"
0,"Placa Video Asus Radeon RX 6600 DUAL 8G 8GB GDDR6 128-bit , GARANTIE",900,0,0,Iasi
0,Asus strix Gtx 1080 ti,1000,1,1,Sascut
0,ASUS Radeon R9 270X (R9270X-DC2T-2GD5) Graphics Card 2GB,150,0,1,Sfanta Elena
0,Placa video EVGA RTX 3070 TI XC3 ULTRA Cu Garantie,1700,0,1,Iasi
0,Placa Video Nvidia 550ti,100,0,1,Bacau
1,Placa video RX 7900 XT PowerColor Hellhound 20GB GDDR6 noua,2850,1,0,"Bucuresti, Sectorul 5"
1,Placa Video Palit GeForce RTX 3080 10gb,2000,0,1,"Bucuresti, Sectorul 4"
1,Placa video nVidia Quadro K200,160,0,1,Timisoara
0,Placa video Gigabyte RTX 3060 OC 12GB GDDR6 192bit GPU,1350,0,1,"Bucuresti, Sectorul 4"
0,"Placa video Gigabyte GeForce 8500GT 256MB GDDR3, 128bit, SLI, PCI-E",85,1,1,Cluj
0,"Placa video ZOTAC GAMING GeForce® RTX™ 3070 Ti Trinity OC, 8GB GDDR6X,",2300,0,0,Constanta
0,Placa video gt210 graphics card,100,1,0,Sangeorgiu de Mures
0,Placa video GEFORCE GTX 1060 - 3GB - OC edition,300,1,1,Balotesti
0,Placa video ASUS GeForce GTX1080Ti Strix,1220,1,1,Caracal
0,Placa video gtx 1050 ti,290,0,1,Bascov
0,Placa Video RX 6650 XT 8gb msi mech2x GARANTIE OC,1200,0,1,Piatra Neamt
0,Placa video Sapphire RX 6900 XT NITRO+ SE 16GB GDDR6 256-bit,1950,0,1,"Bucuresti, Sectorul 2"
